#Columns,6,,,,,
#Header_Rows,12,,,,,
Field_Name,Sample_Name,IGSN,Material,Fe_mg_per_L,Fe_mg_per_kg,Methods_Deviation
Unit,N/A,N/A,N/A,milligrams_per_liter,milligrams_per_kilogram,N/A
Unit_Basis,N/A,N/A,N/A,as_mg_Fe_per_L_water,as_mg_Fe_per_kg_dry_sediment,N/A
MethodID_Analysis,N/A,N/A,N/A,Fe_T_AN_004,Fe_T_AN_004,N/A
MethodID_Inspection,N/A,N/A,N/A,Fe_T_IN_004,Fe_T_IN_004,N/A
MethodID_Storage,N/A,N/A,N/A,Fe_T_ST_004,Fe_T_ST_004,N/A
MethodID_Preservation,N/A,N/A,N/A,Fe_T_PRES_004,Fe_T_PRES_004,N/A
MethodID_Preparation,N/A,N/A,N/A,Fe_T_PREP_004,Fe_T_PREP_004,N/A
MethodID_DataProcessing,N/A,N/A,N/A,Fe_T_DP_004,Fe_T_DP_004,N/A
Analysis_DetectionLimit,-9999,-9999,-9999,0-0.014,-9999,N/A
Analysis_Precision,-9999,-9999,-9999,-9999,-9999,N/A
Data_Status,N/A,N/A,N/A,ready_to_use,ready_to_use,N/A
#Start_Data,EV_001_SFE-D1,10.58052/IEWDR023A,Sediment,0.086,0.402,N/A
N/A,EV_001_SFE-D2,10.58052/IEWDR023A,Sediment,0.069,0.322,N/A
N/A,EV_001_SFE-D3,10.58052/IEWDR023A,Sediment,0.088,0.396,N/A
N/A,EV_001_SFE-D4,10.58052/IEWDR023A,Sediment,0.056,0.258,N/A
N/A,EV_001_SFE-D5,10.58052/IEWDR023A,Sediment,-9999,-9999,INC_Method_001
N/A,EV_001_SFE-W1,10.58052/IEWDR023A,Sediment,0.114,0.528,N/A
N/A,EV_001_SFE-W2,10.58052/IEWDR023A,Sediment,0.064,0.294,N/A
N/A,EV_001_SFE-W3,10.58052/IEWDR023A,Sediment,0.093,0.419,N/A
N/A,EV_001_SFE-W4,10.58052/IEWDR023A,Sediment,0.11,0.498,N/A
N/A,EV_001_SFE-W5,10.58052/IEWDR023A,Sediment,-9999,-9999,INC_Method_001
N/A,EV_002_SFE-D1,10.58052/IEWDR023B,Sediment,0.052,0.194,N/A
N/A,EV_002_SFE-D2,10.58052/IEWDR023B,Sediment,0.033,0.122,N/A
N/A,EV_002_SFE-D3,10.58052/IEWDR023B,Sediment,0.056,0.207,N/A
N/A,EV_002_SFE-D4,10.58052/IEWDR023B,Sediment,0.036,0.134,N/A
N/A,EV_002_SFE-D5,10.58052/IEWDR023B,Sediment,0.03,0.109,N/A
N/A,EV_002_SFE-W1,10.58052/IEWDR023B,Sediment,0.11,0.408,N/A
N/A,EV_002_SFE-W2,10.58052/IEWDR023B,Sediment,0.151,0.565,N/A
N/A,EV_002_SFE-W3,10.58052/IEWDR023B,Sediment,0.123,0.451,N/A
N/A,EV_002_SFE-W4,10.58052/IEWDR023B,Sediment,0.107,0.398,N/A
N/A,EV_002_SFE-W5,10.58052/IEWDR023B,Sediment,0.104,0.374,N/A
N/A,EV_005_SFE-D1,10.58052/IEWDR023C,Sediment,0.333,1.596,N/A
N/A,EV_005_SFE-D2,10.58052/IEWDR023C,Sediment,0.022,0.102,N/A
N/A,EV_005_SFE-D3,10.58052/IEWDR023C,Sediment,0.019,0.091,N/A
N/A,EV_005_SFE-D4,10.58052/IEWDR023C,Sediment,0.402,1.903,N/A
N/A,EV_005_SFE-D5,10.58052/IEWDR023C,Sediment,-9999,-9999,SFE_ACID_001
N/A,EV_005_SFE-W1,10.58052/IEWDR023C,Sediment,0.021,0.104,N/A
N/A,EV_005_SFE-W2,10.58052/IEWDR023C,Sediment,-9999,-9999,SFE_ACID_001
N/A,EV_005_SFE-W3,10.58052/IEWDR023C,Sediment,-9999,-9999,SFE_ACID_001
N/A,EV_005_SFE-W4,10.58052/IEWDR023C,Sediment,0.054,0.253,N/A
N/A,EV_005_SFE-W5,10.58052/IEWDR023C,Sediment,0.434,2.12,N/A
N/A,EV_006_SFE-D1,10.58052/IEWDR023D,Sediment,0.096,0.594,N/A
N/A,EV_006_SFE-D2,10.58052/IEWDR023D,Sediment,0.133,0.816,N/A
N/A,EV_006_SFE-D3,10.58052/IEWDR023D,Sediment,0.128,0.781,N/A
N/A,EV_006_SFE-D4,10.58052/IEWDR023D,Sediment,0.17,1.053,N/A
N/A,EV_006_SFE-D5,10.58052/IEWDR023D,Sediment,0.143,0.882,N/A
N/A,EV_006_SFE-W1,10.58052/IEWDR023D,Sediment,0.223,1.377,N/A
N/A,EV_006_SFE-W2,10.58052/IEWDR023D,Sediment,0.166,1.031,N/A
N/A,EV_006_SFE-W3,10.58052/IEWDR023D,Sediment,0.12,0.739,N/A
N/A,EV_006_SFE-W4,10.58052/IEWDR023D,Sediment,0.125,0.787,N/A
N/A,EV_006_SFE-W5,10.58052/IEWDR023D,Sediment,0.244,1.534,N/A
N/A,EV_007_SFE-D1,10.58052/IEWDR023E,Sediment,0.061,0.245,N/A
N/A,EV_007_SFE-D2,10.58052/IEWDR023E,Sediment,0.096,0.383,N/A
N/A,EV_007_SFE-D3,10.58052/IEWDR023E,Sediment,0.038,0.155,N/A
N/A,EV_007_SFE-D4,10.58052/IEWDR023E,Sediment,0.051,0.207,N/A
N/A,EV_007_SFE-D5,10.58052/IEWDR023E,Sediment,-9999,-9999,INC_Method_001
N/A,EV_007_SFE-W1,10.58052/IEWDR023E,Sediment,0.073,0.304,SFE_RERUN_002
N/A,EV_007_SFE-W2,10.58052/IEWDR023E,Sediment,0.069,0.286,N/A
N/A,EV_007_SFE-W3,10.58052/IEWDR023E,Sediment,0.08,0.331,N/A
N/A,EV_007_SFE-W4,10.58052/IEWDR023E,Sediment,0.133,0.56,N/A
N/A,EV_007_SFE-W5,10.58052/IEWDR023E,Sediment,-9999,-9999,INC_Method_001
N/A,EV_008_SFE-D1,10.58052/IEWDR023F,Sediment,0.074,0.264,N/A
N/A,EV_008_SFE-D2,10.58052/IEWDR023F,Sediment,0.165,0.586,N/A
N/A,EV_008_SFE-D3,10.58052/IEWDR023F,Sediment,0.103,0.361,N/A
N/A,EV_008_SFE-D4,10.58052/IEWDR023F,Sediment,0.112,0.394,N/A
N/A,EV_008_SFE-D5,10.58052/IEWDR023F,Sediment,0.085,0.299,N/A
N/A,EV_008_SFE-W1,10.58052/IEWDR023F,Sediment,0.103,0.358,N/A
N/A,EV_008_SFE-W2,10.58052/IEWDR023F,Sediment,0.071,0.25,N/A
N/A,EV_008_SFE-W3,10.58052/IEWDR023F,Sediment,0.075,0.269,N/A
N/A,EV_008_SFE-W4,10.58052/IEWDR023F,Sediment,0.094,0.332,N/A
N/A,EV_008_SFE-W5,10.58052/IEWDR023F,Sediment,0.083,0.295,N/A
N/A,EV_009_SFE-D1,10.58052/IEWDR023G,Sediment,0.04,0.183,N/A
N/A,EV_009_SFE-D2,10.58052/IEWDR023G,Sediment,0.04,0.183,N/A
N/A,EV_009_SFE-D3,10.58052/IEWDR023G,Sediment,0.041,0.189,N/A
N/A,EV_009_SFE-D4,10.58052/IEWDR023G,Sediment,0.037,0.169,N/A
N/A,EV_009_SFE-D5,10.58052/IEWDR023G,Sediment,0.034,0.152,N/A
N/A,EV_009_SFE-W1,10.58052/IEWDR023G,Sediment,0.081,0.366,N/A
N/A,EV_009_SFE-W2,10.58052/IEWDR023G,Sediment,0.057,0.255,N/A
N/A,EV_009_SFE-W3,10.58052/IEWDR023G,Sediment,0.116,0.524,N/A
N/A,EV_009_SFE-W4,10.58052/IEWDR023G,Sediment,0.089,0.401,N/A
N/A,EV_009_SFE-W5,10.58052/IEWDR023G,Sediment,0.06,0.271,N/A
N/A,EV_010_SFE-D1,10.58052/IEWDR023H,Sediment,0.124,0.804,N/A
N/A,EV_010_SFE-D2,10.58052/IEWDR023H,Sediment,0.104,0.686,N/A
N/A,EV_010_SFE-D3,10.58052/IEWDR023H,Sediment,0.099,0.642,N/A
N/A,EV_010_SFE-D4,10.58052/IEWDR023H,Sediment,0.141,0.933,N/A
N/A,EV_010_SFE-D5,10.58052/IEWDR023H,Sediment,0.124,0.803,N/A
N/A,EV_010_SFE-W1,10.58052/IEWDR023H,Sediment,0.145,0.931,N/A
N/A,EV_010_SFE-W2,10.58052/IEWDR023H,Sediment,0.128,0.813,N/A
N/A,EV_010_SFE-W3,10.58052/IEWDR023H,Sediment,0.111,0.708,N/A
N/A,EV_010_SFE-W4,10.58052/IEWDR023H,Sediment,0.15,0.969,N/A
N/A,EV_010_SFE-W5,10.58052/IEWDR023H,Sediment,0.135,0.861,N/A
N/A,EV_011_SFE-D1,10.58052/IEWDR023I,Sediment,0.035,0.118,N/A
N/A,EV_011_SFE-D2,10.58052/IEWDR023I,Sediment,0.019,0.064,N/A
N/A,EV_011_SFE-D3,10.58052/IEWDR023I,Sediment,0.036,0.119,N/A
N/A,EV_011_SFE-D4,10.58052/IEWDR023I,Sediment,0.068,0.221,N/A
N/A,EV_011_SFE-D5,10.58052/IEWDR023I,Sediment,-9999,-9999,INC_Method_001
N/A,EV_011_SFE-W1,10.58052/IEWDR023I,Sediment,0.153,0.506,N/A
N/A,EV_011_SFE-W2,10.58052/IEWDR023I,Sediment,0.104,0.351,N/A
N/A,EV_011_SFE-W3,10.58052/IEWDR023I,Sediment,0.09,0.296,N/A
N/A,EV_011_SFE-W4,10.58052/IEWDR023I,Sediment,0.084,0.274,N/A
N/A,EV_011_SFE-W5,10.58052/IEWDR023I,Sediment,-9999,-9999,INC_Method_001
N/A,EV_013_SFE-D1,10.58052/IEWDR023K,Sediment,0.109,0.409,N/A
N/A,EV_013_SFE-D2,10.58052/IEWDR023K,Sediment,0.064,0.245,N/A
N/A,EV_013_SFE-D3,10.58052/IEWDR023K,Sediment,0.066,0.252,N/A
N/A,EV_013_SFE-D4,10.58052/IEWDR023K,Sediment,-9999,-9999,INC_Method_001
N/A,EV_013_SFE-D5,10.58052/IEWDR023K,Sediment,-9999,-9999,INC_Method_001
N/A,EV_013_SFE-W1,10.58052/IEWDR023K,Sediment,0.228,0.88,N/A
N/A,EV_013_SFE-W2,10.58052/IEWDR023K,Sediment,0.26,0.977,N/A
N/A,EV_013_SFE-W3,10.58052/IEWDR023K,Sediment,0.181,0.688,N/A
N/A,EV_013_SFE-W4,10.58052/IEWDR023K,Sediment,-9999,-9999,INC_Method_001
N/A,EV_013_SFE-W5,10.58052/IEWDR023K,Sediment,-9999,-9999,INC_Method_001
N/A,EV_014_SFE-D1,10.58052/IEWDR023L,Sediment,SFE_Below_0_ppm_Standard|Negative_Value_Raw_Not_Corrected|-9999_ppm_Raw_Not_Corrected,SFE_Below_0_ppm_Standard|Negative_Value_Raw_Not_Corrected|-9999_ppm_Final_Corrected,DTL_003
N/A,EV_014_SFE-D2,10.58052/IEWDR023L,Sediment,0.023,0.082,N/A
N/A,EV_014_SFE-D3,10.58052/IEWDR023L,Sediment,0.025,0.089,N/A
N/A,EV_014_SFE-D4,10.58052/IEWDR023L,Sediment,0.033,0.118,N/A
N/A,EV_014_SFE-D5,10.58052/IEWDR023L,Sediment,0.024,0.086,N/A
N/A,EV_014_SFE-W1,10.58052/IEWDR023L,Sediment,0.056,0.201,N/A
N/A,EV_014_SFE-W2,10.58052/IEWDR023L,Sediment,0.08,0.291,N/A
N/A,EV_014_SFE-W3,10.58052/IEWDR023L,Sediment,0.072,0.261,N/A
N/A,EV_014_SFE-W4,10.58052/IEWDR023L,Sediment,0.053,0.188,N/A
N/A,EV_014_SFE-W5,10.58052/IEWDR023L,Sediment,SFE_Below_0_ppm_Standard|Negative_Value_Raw_Not_Corrected|-9999_ppm_Raw_Not_Corrected,SFE_Below_0_ppm_Standard|Negative_Value_Raw_Not_Corrected|-9999_ppm_Final_Corrected,DTL_003
N/A,EV_016_SFE-D1,10.58052/IEWDR023N,Sediment,0.058,0.696,N/A
N/A,EV_016_SFE-D2,10.58052/IEWDR023N,Sediment,0.063,0.764,N/A
N/A,EV_016_SFE-D3,10.58052/IEWDR023N,Sediment,0.058,0.724,N/A
N/A,EV_016_SFE-D4,10.58052/IEWDR023N,Sediment,0.069,0.861,N/A
N/A,EV_016_SFE-D5,10.58052/IEWDR023N,Sediment,0.086,1.06,N/A
N/A,EV_016_SFE-W1,10.58052/IEWDR023N,Sediment,0.074,0.9,N/A
N/A,EV_016_SFE-W2,10.58052/IEWDR023N,Sediment,0.074,0.916,N/A
N/A,EV_016_SFE-W3,10.58052/IEWDR023N,Sediment,0.067,0.826,N/A
N/A,EV_016_SFE-W4,10.58052/IEWDR023N,Sediment,0.062,0.759,N/A
N/A,EV_016_SFE-W5,10.58052/IEWDR023N,Sediment,0.095,1.174,N/A
N/A,EV_017_SFE-D1,10.58052/IEWDR023O,Sediment,0.405,2.407,N/A
N/A,EV_017_SFE-D2,10.58052/IEWDR023O,Sediment,0.392,2.347,N/A
N/A,EV_017_SFE-D3,10.58052/IEWDR023O,Sediment,0.4,2.39,N/A
N/A,EV_017_SFE-D4,10.58052/IEWDR023O,Sediment,0.372,2.231,N/A
N/A,EV_017_SFE-D5,10.58052/IEWDR023O,Sediment,0.38,2.311,N/A
N/A,EV_017_SFE-W1,10.58052/IEWDR023O,Sediment,0.496,2.979,N/A
N/A,EV_017_SFE-W2,10.58052/IEWDR023O,Sediment,0.39,2.332,N/A
N/A,EV_017_SFE-W3,10.58052/IEWDR023O,Sediment,0.387,2.347,N/A
N/A,EV_017_SFE-W4,10.58052/IEWDR023O,Sediment,0.401,2.422,N/A
N/A,EV_017_SFE-W5,10.58052/IEWDR023O,Sediment,0.281,1.684,N/A
N/A,EV_019_SFE-D1,10.58052/IEWDR023P,Sediment,0.179,1.248,N/A
N/A,EV_019_SFE-D2,10.58052/IEWDR023P,Sediment,0.018,0.125,N/A
N/A,EV_019_SFE-D3,10.58052/IEWDR023P,Sediment,0.179,1.245,N/A
N/A,EV_019_SFE-D4,10.58052/IEWDR023P,Sediment,0.174,1.231,N/A
N/A,EV_019_SFE-D5,10.58052/IEWDR023P,Sediment,0.16,1.122,N/A
N/A,EV_019_SFE-W1,10.58052/IEWDR023P,Sediment,0.206,1.444,N/A
N/A,EV_019_SFE-W2,10.58052/IEWDR023P,Sediment,0.212,1.468,N/A
N/A,EV_019_SFE-W3,10.58052/IEWDR023P,Sediment,0.185,1.299,N/A
N/A,EV_019_SFE-W4,10.58052/IEWDR023P,Sediment,0.174,1.211,N/A
N/A,EV_019_SFE-W5,10.58052/IEWDR023P,Sediment,0.171,1.203,N/A
N/A,EV_020_SFE-D1,10.58052/IEWDR023Q,Sediment,0.903,4.816,N/A
N/A,EV_020_SFE-D2,10.58052/IEWDR023Q,Sediment,0.186,1.032,N/A
N/A,EV_020_SFE-D3,10.58052/IEWDR023Q,Sediment,0.151,0.819,N/A
N/A,EV_020_SFE-D4,10.58052/IEWDR023Q,Sediment,0.175,0.954,N/A
N/A,EV_020_SFE-D5,10.58052/IEWDR023Q,Sediment,0.129,0.711,N/A
N/A,EV_020_SFE-W1,10.58052/IEWDR023Q,Sediment,0.238,1.282,N/A
N/A,EV_020_SFE-W2,10.58052/IEWDR023Q,Sediment,0.192,1.047,N/A
N/A,EV_020_SFE-W3,10.58052/IEWDR023Q,Sediment,0.169,0.915,N/A
N/A,EV_020_SFE-W4,10.58052/IEWDR023Q,Sediment,0.208,1.12,N/A
N/A,EV_020_SFE-W5,10.58052/IEWDR023Q,Sediment,0.166,0.894,N/A
N/A,EV_021_SFE-D1,10.58052/IEWDR023R,Sediment,0.137,0.463,N/A
N/A,EV_021_SFE-D2,10.58052/IEWDR023R,Sediment,0.042,0.143,N/A
N/A,EV_021_SFE-D3,10.58052/IEWDR023R,Sediment,0.033,0.113,N/A
N/A,EV_021_SFE-D4,10.58052/IEWDR023R,Sediment,0.031,0.105,N/A
N/A,EV_021_SFE-D5,10.58052/IEWDR023R,Sediment,0.029,0.099,N/A
N/A,EV_021_SFE-W1,10.58052/IEWDR023R,Sediment,0.032,0.109,N/A
N/A,EV_021_SFE-W2,10.58052/IEWDR023R,Sediment,0.043,0.143,N/A
N/A,EV_021_SFE-W3,10.58052/IEWDR023R,Sediment,0.038,0.13,N/A
N/A,EV_021_SFE-W4,10.58052/IEWDR023R,Sediment,0.044,0.149,N/A
N/A,EV_021_SFE-W5,10.58052/IEWDR023R,Sediment,0.094,0.32,N/A
N/A,EV_022_SFE-D1,10.58052/IEWDR023S,Sediment,0.05,0.148,N/A
N/A,EV_022_SFE-D2,10.58052/IEWDR023S,Sediment,0.035,0.104,N/A
N/A,EV_022_SFE-D3,10.58052/IEWDR023S,Sediment,0.04,0.116,N/A
N/A,EV_022_SFE-D4,10.58052/IEWDR023S,Sediment,0.045,0.132,N/A
N/A,EV_022_SFE-D5,10.58052/IEWDR023S,Sediment,0.043,0.125,N/A
N/A,EV_022_SFE-W1,10.58052/IEWDR023S,Sediment,0.784,2.29,N/A
N/A,EV_022_SFE-W2,10.58052/IEWDR023S,Sediment,0.069,0.205,N/A
N/A,EV_022_SFE-W3,10.58052/IEWDR023S,Sediment,0.049,0.143,N/A
N/A,EV_022_SFE-W4,10.58052/IEWDR023S,Sediment,0.038,0.111,N/A
N/A,EV_022_SFE-W5,10.58052/IEWDR023S,Sediment,0.035,0.104,N/A
N/A,EV_023_SFE-D1,10.58052/IEWDR023T,Sediment,0.651,3.309,N/A
N/A,EV_023_SFE-D2,10.58052/IEWDR023T,Sediment,0.74,3.797,N/A
N/A,EV_023_SFE-D3,10.58052/IEWDR023T,Sediment,2.14,11.22,SFE_RERUN_001
N/A,EV_023_SFE-D4,10.58052/IEWDR023T,Sediment,1.683,8.623,N/A
N/A,EV_023_SFE-D5,10.58052/IEWDR023T,Sediment,-9999,-9999,SFE_ACID_001
N/A,EV_023_SFE-W1,10.58052/IEWDR023T,Sediment,0.727,3.664,N/A
N/A,EV_023_SFE-W2,10.58052/IEWDR023T,Sediment,1.936,10.074,N/A
N/A,EV_023_SFE-W3,10.58052/IEWDR023T,Sediment,1.68,8.715,N/A
N/A,EV_023_SFE-W4,10.58052/IEWDR023T,Sediment,1.199,6.253,N/A
N/A,EV_023_SFE-W5,10.58052/IEWDR023T,Sediment,-9999,-9999,SFE_ACID_001
N/A,EV_024_SFE-D1,10.58052/IEWDR023U,Sediment,0.053,0.286,N/A
N/A,EV_024_SFE-D2,10.58052/IEWDR023U,Sediment,0.067,0.358,N/A
N/A,EV_024_SFE-D3,10.58052/IEWDR023U,Sediment,0.047,0.256,N/A
N/A,EV_024_SFE-D4,10.58052/IEWDR023U,Sediment,0.079,0.424,N/A
N/A,EV_024_SFE-D5,10.58052/IEWDR023U,Sediment,0.068,0.365,N/A
N/A,EV_024_SFE-W1,10.58052/IEWDR023U,Sediment,0.15,0.776,N/A
N/A,EV_024_SFE-W2,10.58052/IEWDR023U,Sediment,0.085,0.444,N/A
N/A,EV_024_SFE-W3,10.58052/IEWDR023U,Sediment,0.074,0.393,N/A
N/A,EV_024_SFE-W4,10.58052/IEWDR023U,Sediment,0.457,2.455,N/A
N/A,EV_024_SFE-W5,10.58052/IEWDR023U,Sediment,0.072,0.383,N/A
N/A,EV_025_SFE-D1,10.58052/IEWDR023V,Sediment,0.892,3.842,N/A
N/A,EV_025_SFE-D2,10.58052/IEWDR023V,Sediment,1.67,7.295,N/A
N/A,EV_025_SFE-D3,10.58052/IEWDR023V,Sediment,0.197,0.835,N/A
N/A,EV_025_SFE-D4,10.58052/IEWDR023V,Sediment,1.062,4.614,N/A
N/A,EV_025_SFE-D5,10.58052/IEWDR023V,Sediment,1.689,7.229,N/A
N/A,EV_025_SFE-W1,10.58052/IEWDR023V,Sediment,0.667,2.89,N/A
N/A,EV_025_SFE-W2,10.58052/IEWDR023V,Sediment,1.826,7.949,N/A
N/A,EV_025_SFE-W3,10.58052/IEWDR023V,Sediment,0.353,1.539,N/A
N/A,EV_025_SFE-W4,10.58052/IEWDR023V,Sediment,2.603,11.208,SFE_RERUN_001
N/A,EV_025_SFE-W5,10.58052/IEWDR023V,Sediment,-9999,-9999,SFE_ACID_001
N/A,EV_026_SFE-D1,10.58052/IEWDR023W,Sediment,0.108,0.46,N/A
N/A,EV_026_SFE-D2,10.58052/IEWDR023W,Sediment,0.045,0.195,N/A
N/A,EV_026_SFE-D3,10.58052/IEWDR023W,Sediment,0.19,0.813,N/A
N/A,EV_026_SFE-D4,10.58052/IEWDR023W,Sediment,0.043,0.187,N/A
N/A,EV_026_SFE-D5,10.58052/IEWDR023W,Sediment,0.039,0.17,N/A
N/A,EV_026_SFE-W1,10.58052/IEWDR023W,Sediment,0.358,1.55,N/A
N/A,EV_026_SFE-W2,10.58052/IEWDR023W,Sediment,0.066,0.283,N/A
N/A,EV_026_SFE-W3,10.58052/IEWDR023W,Sediment,0.07,0.3,N/A
N/A,EV_026_SFE-W4,10.58052/IEWDR023W,Sediment,0.071,0.3,N/A
N/A,EV_026_SFE-W5,10.58052/IEWDR023W,Sediment,0.074,0.314,N/A
N/A,EV_027_SFE-D1,10.58052/IEWDR023X,Sediment,0.041,0.136,N/A
N/A,EV_027_SFE-D2,10.58052/IEWDR023X,Sediment,0.037,0.12,N/A
N/A,EV_027_SFE-D3,10.58052/IEWDR023X,Sediment,0.045,0.145,N/A
N/A,EV_027_SFE-D4,10.58052/IEWDR023X,Sediment,0.053,0.172,N/A
N/A,EV_027_SFE-D5,10.58052/IEWDR023X,Sediment,0.037,0.122,N/A
N/A,EV_027_SFE-W1,10.58052/IEWDR023X,Sediment,0.173,0.564,N/A
N/A,EV_027_SFE-W2,10.58052/IEWDR023X,Sediment,0.073,0.241,N/A
N/A,EV_027_SFE-W3,10.58052/IEWDR023X,Sediment,0.419,1.348,N/A
N/A,EV_027_SFE-W4,10.58052/IEWDR023X,Sediment,0.086,0.289,N/A
N/A,EV_027_SFE-W5,10.58052/IEWDR023X,Sediment,0.392,1.291,N/A
N/A,EV_028_SFE-D1,10.58052/IEWDR023Y,Sediment,0.027,0.126,N/A
N/A,EV_028_SFE-D2,10.58052/IEWDR023Y,Sediment,0.041,0.186,N/A
N/A,EV_028_SFE-D3,10.58052/IEWDR023Y,Sediment,0.046,0.208,N/A
N/A,EV_028_SFE-D4,10.58052/IEWDR023Y,Sediment,0.038,0.169,N/A
N/A,EV_028_SFE-D5,10.58052/IEWDR023Y,Sediment,0.052,0.236,N/A
N/A,EV_028_SFE-W1,10.58052/IEWDR023Y,Sediment,0.185,0.824,N/A
N/A,EV_028_SFE-W2,10.58052/IEWDR023Y,Sediment,0.106,0.482,N/A
N/A,EV_028_SFE-W3,10.58052/IEWDR023Y,Sediment,0.079,0.362,N/A
N/A,EV_028_SFE-W4,10.58052/IEWDR023Y,Sediment,0.108,0.478,N/A
N/A,EV_028_SFE-W5,10.58052/IEWDR023Y,Sediment,0.16,0.762,N/A
N/A,EV_029_SFE-D1,10.58052/IEWDR023Z,Sediment,0.067,0.202,N/A
N/A,EV_029_SFE-D2,10.58052/IEWDR023Z,Sediment,0.052,0.157,N/A
N/A,EV_029_SFE-D3,10.58052/IEWDR023Z,Sediment,0.051,0.157,N/A
N/A,EV_029_SFE-D4,10.58052/IEWDR023Z,Sediment,0.063,0.191,N/A
N/A,EV_029_SFE-D5,10.58052/IEWDR023Z,Sediment,0.049,0.148,N/A
N/A,EV_029_SFE-W1,10.58052/IEWDR023Z,Sediment,0.091,0.27,N/A
N/A,EV_029_SFE-W2,10.58052/IEWDR023Z,Sediment,0.078,0.237,N/A
N/A,EV_029_SFE-W3,10.58052/IEWDR023Z,Sediment,0.051,0.155,N/A
N/A,EV_029_SFE-W4,10.58052/IEWDR023Z,Sediment,0.081,0.248,N/A
N/A,EV_029_SFE-W5,10.58052/IEWDR023Z,Sediment,0.052,0.154,N/A
N/A,EV_030_SFE-D1,10.58052/IEWDR0240,Sediment,0.411,3.296,N/A
N/A,EV_030_SFE-D2,10.58052/IEWDR0240,Sediment,0.327,2.629,N/A
N/A,EV_030_SFE-D3,10.58052/IEWDR0240,Sediment,0.337,2.685,N/A
N/A,EV_030_SFE-D4,10.58052/IEWDR0240,Sediment,0.383,3.074,N/A
N/A,EV_030_SFE-D5,10.58052/IEWDR0240,Sediment,0.415,3.305,N/A
N/A,EV_030_SFE-W1,10.58052/IEWDR0240,Sediment,0.53,4.216,N/A
N/A,EV_030_SFE-W2,10.58052/IEWDR0240,Sediment,0.741,5.384,N/A
N/A,EV_030_SFE-W3,10.58052/IEWDR0240,Sediment,0.724,5.767,N/A
N/A,EV_030_SFE-W4,10.58052/IEWDR0240,Sediment,0.611,4.915,N/A
N/A,EV_030_SFE-W5,10.58052/IEWDR0240,Sediment,0.689,5.498,N/A
N/A,EV_031_SFE-D1,10.58052/IEWDR0241,Sediment,0.157,0.87,N/A
N/A,EV_031_SFE-D2,10.58052/IEWDR0241,Sediment,0.139,0.781,N/A
N/A,EV_031_SFE-D3,10.58052/IEWDR0241,Sediment,0.178,0.995,N/A
N/A,EV_031_SFE-D4,10.58052/IEWDR0241,Sediment,0.116,0.65,N/A
N/A,EV_031_SFE-D5,10.58052/IEWDR0241,Sediment,0.116,0.647,N/A
N/A,EV_031_SFE-W1,10.58052/IEWDR0241,Sediment,0.974,5.364,N/A
N/A,EV_031_SFE-W2,10.58052/IEWDR0241,Sediment,0.174,0.959,N/A
N/A,EV_031_SFE-W3,10.58052/IEWDR0241,Sediment,0.229,1.276,N/A
N/A,EV_031_SFE-W4,10.58052/IEWDR0241,Sediment,0.194,1.074,N/A
N/A,EV_031_SFE-W5,10.58052/IEWDR0241,Sediment,0.136,0.758,N/A
#End_Data,,,,,,
