#Columns,16,,,,,,,,,,,,,,,
#Header_Rows,12,,,,,,,,,,,,,,,
Field_Name,Sample_Name,IGSN,Material,SpC_microsiemens_per_cm,pH,Temperature_degC,Respiration_Rate_mg_DO_per_L_per_H,Respiration_Rate_mg_DO_per_kg_per_H,Respiration_R_Squared,Respiration_R_Squared_Adj,Respiration_p_value,Total_Incubation_Time_Min,Number_Points_In_Respiration_Regression,Number_Points_Removed_Respiration_Regression,DO_Concentration_At_Incubation_Time_Zero,Methods_Deviation
Unit,N/A,N/A,N/A,microsiemens_per_centimeter,pH,degrees_Celsius,milligrams_per_Liter_per_hour,milligrams_per_kilogram_per_hour,N/A,N/A,N/A,minutes,N/A,N/A,N/A,N/A
Unit_Basis,N/A,N/A,N/A,as_microsiemens_per_centimeter,as_pH,as_degrees_Celsius,as_mg_Oxygen_per_L_water_per_hour,as_mg_Oxygen_per_kg_sediment_per_hour,N/A,N/A,N/A,as_Minutes,N/A,N/A,N/A,N/A
MethodID_Analysis,N/A,N/A,N/A,SpC_T_AN_002,pH_T_AN_004,Temp_T_AN_001,INC_T_AN_007,INC_T_AN_007,INC_T_AN_007,INC_T_AN_007,INC_T_AN_007,INC_T_AN_007,INC_T_AN_007,INC_T_AN_007,INC_T_AN_007,N/A
MethodID_Inspection,N/A,N/A,N/A,SpC_T_IN_002,pH_T_IN_004,Temp_T_IN_001,INC_T_IN_007,INC_T_IN_007,INC_T_IN_007,INC_T_IN_007,INC_T_IN_007,INC_T_IN_007,INC_T_IN_007,INC_T_IN_007,INC_T_IN_007,N/A
MethodID_Storage,N/A,N/A,N/A,SpC_T_ST_002,pH_T_ST_004,Temp_T_ST_001,INC_T_ST_007,INC_T_ST_007,INC_T_ST_007,INC_T_ST_007,INC_T_ST_007,INC_T_ST_007,INC_T_ST_007,INC_T_ST_007,INC_T_ST_007,N/A
MethodID_Preservation,N/A,N/A,N/A,SpC_T_PRES_002,pH_T_PRES_004,Temp_T_PRES_001,INC_T_PRES_007,INC_T_PRES_007,INC_T_PRES_007,INC_T_PRES_007,INC_T_PRES_007,INC_T_PRES_007,INC_T_PRES_007,INC_T_PRES_007,INC_T_PRES_007,N/A
MethodID_Preparation,N/A,N/A,N/A,SpC_T_PREP_002,pH_T_PREP_004,Temp_T_PREP_001,INC_T_PREP_007,INC_T_PREP_007,INC_T_PREP_007,INC_T_PREP_007,INC_T_PREP_007,INC_T_PREP_007,INC_T_PREP_007,INC_T_PREP_007,INC_T_PREP_007,N/A
MethodID_DataProcessing,N/A,N/A,N/A,SpC_T_DP_002,pH_T_DP_004,Temp_T_DP_001,INC_T_DP_007,INC_T_DP_007,INC_T_DP_007,INC_T_DP_007,INC_T_DP_007,INC_T_DP_007,INC_T_DP_007,INC_T_DP_007,INC_T_DP_007,N/A
Analysis_DetectionLimit,-9999,-9999,-9999,-9999,-9999,-9999,-9999,-9999,-9999,-9999,-9999,-9999,-9999,-9999,0.093-0.104,N/A
Analysis_Precision,-9999,-9999,-9999,-9999,-9999,-9999,-9999,-9999,-9999,-9999,-9999,-9999,-9999,-9999,-9999,N/A
Data_Status,N/A,N/A,N/A,ready_to_use,ready_to_use,ready_to_use,ready_to_use,ready_to_use,ready_to_use,ready_to_use,ready_to_use,ready_to_use,ready_to_use,ready_to_use,ready_to_use,N/A
#Start_Data,EV_001_INC-D1,10.58052/IEWDR023A,Sediment,1154,6.21,20.5,-231.6,-1083.185,-9999,-9999,-9999,-9999,-9999,-9999,0.86,RATE_005
N/A,EV_001_INC-D2,10.58052/IEWDR023A,Sediment,1140,5.99,20.6,-247.2,-1150.094,-9999,-9999,-9999,-9999,-9999,-9999,0.34,RATE_005
N/A,EV_001_INC-D3,10.58052/IEWDR023A,Sediment,1133,6.26,20.7,-247.2,-1112.73,-9999,-9999,-9999,-9999,-9999,-9999,0.34,RATE_005
N/A,EV_001_INC-D4,10.58052/IEWDR023A,Sediment,1130,6.5,19.9,-254.4,-1167.3,-9999,-9999,-9999,-9999,-9999,-9999,0.1,RATE_005
N/A,EV_001_INC-D5,10.58052/IEWDR023A,Sediment,-9999,-9999,-9999,-9999,-9999,-9999,-9999,-9999,-9999,-9999,-9999,-9999,INC_Method_001
N/A,EV_001_INC-W1,10.58052/IEWDR023A,Sediment,1118,6.33,20.5,-252.9,-1174.147,-9999,-9999,-9999,-9999,-9999,-9999,0.15,RATE_005
N/A,EV_001_INC-W2,10.58052/IEWDR023A,Sediment,1106,6.6,21,-245.1,-1126.589,-9999,-9999,-9999,-9999,-9999,-9999,0.41,RATE_005
N/A,EV_001_INC-W3,10.58052/IEWDR023A,Sediment,1108,6.71,20.6,-255.99,-1158.965,-9999,-9999,-9999,-9999,-9999,-9999,DO_Below_0.094_mg_per_L_LOD|Negative_Value_Raw_Not_Corrected|-9999_mg_per_L_Final_Corrected,DTL_003; RATE_005
N/A,EV_001_INC-W4,10.58052/IEWDR023A,Sediment,1134,6.42,20.6,-255.99,-1160.911,-9999,-9999,-9999,-9999,-9999,-9999,DO_Below_0.094_mg_per_L_LOD|Negative_Value_Raw_Not_Corrected|-9999_mg_per_L_Final_Corrected,DTL_003; RATE_005
N/A,EV_001_INC-W5,10.58052/IEWDR023A,Sediment,-9999,-9999,-9999,-9999,-9999,-9999,-9999,-9999,-9999,-9999,-9999,-9999,INC_Method_001
N/A,EV_002_INC-D1,10.58052/IEWDR023B,Sediment,338.4,6.03,20.7,-5.216,-19.494,0.991,0.991,0.0021,34,18,36,8.25,N/A
N/A,EV_002_INC-D2,10.58052/IEWDR023B,Sediment,356.2,6.25,20.1,-4.077,-14.994,0.985,0.985,0.0015,64,33,21,8.22,N/A
N/A,EV_002_INC-D3,10.58052/IEWDR023B,Sediment,351.8,6.59,20.8,-5.219,-19.121,0.99,0.989,0.0024,30,16,38,8.38,N/A
N/A,EV_002_INC-D4,10.58052/IEWDR023B,Sediment,356.2,6.57,20.7,-6.469,-23.914,0.987,0.985,0.0042,20,11,43,8.43,N/A
N/A,EV_002_INC-D5,10.58052/IEWDR023B,Sediment,353.5,6.75,20.7,-3.927,-14.463,0.983,0.983,0.0012,104,53,1,9.34,N/A
N/A,EV_002_INC-W1,10.58052/IEWDR023B,Sediment,376.8,6.7,20.7,-243,-899.345,-9999,-9999,-9999,-9999,-9999,-9999,0.48,RATE_005
N/A,EV_002_INC-W2,10.58052/IEWDR023B,Sediment,385,6.73,20.8,-243,-911.206,-9999,-9999,-9999,-9999,-9999,-9999,0.48,RATE_005
N/A,EV_002_INC-W3,10.58052/IEWDR023B,Sediment,382.9,6.72,20.8,-255.99,-941.091,-9999,-9999,-9999,-9999,-9999,-9999,DO_Below_0.094_mg_per_L_LOD|Negative_Value_Raw_Not_Corrected|-9999_mg_per_L_Final_Corrected,DTL_003; RATE_005
N/A,EV_002_INC-W4,10.58052/IEWDR023B,Sediment,390.2,6.85,20.9,-255.99,-952.142,-9999,-9999,-9999,-9999,-9999,-9999,DO_Below_0.094_mg_per_L_LOD|Negative_Value_Raw_Not_Corrected|-9999_mg_per_L_Final_Corrected,DTL_003; RATE_005
N/A,EV_002_INC-W5,10.58052/IEWDR023B,Sediment,378.4,6.71,20.9,-255.99,-921.343,-9999,-9999,-9999,-9999,-9999,-9999,DO_Below_0.094_mg_per_L_LOD|Negative_Value_Raw_Not_Corrected|-9999_mg_per_L_Final_Corrected,DTL_003; RATE_005
N/A,EV_005_INC-D1,10.58052/IEWDR023C,Sediment,1577,7.25,20.5,-240.9,-1154.727,-9999,-9999,-9999,-9999,-9999,-9999,0.76,RATE_005
N/A,EV_005_INC-D2,10.58052/IEWDR023C,Sediment,1546,6.72,20.7,-229.2,-1086.117,-9999,-9999,-9999,-9999,-9999,-9999,1.15,RATE_005
N/A,EV_005_INC-D3,10.58052/IEWDR023C,Sediment,1569,6.61,20.7,-250.2,-1202.663,-9999,-9999,-9999,-9999,-9999,-9999,0.45,RATE_005
N/A,EV_005_INC-D4,10.58052/IEWDR023C,Sediment,1538,6.68,20.6,-262.245,-1241.566,-9999,-9999,-9999,-9999,-9999,-9999,DO_Below_0.097_mg_per_L_LOD|Negative_Value_Raw_Not_Corrected|-9999_mg_per_L_Final_Corrected,DTL_003; RATE_005
N/A,EV_005_INC-D5,10.58052/IEWDR023C,Sediment,1530,6.49,20.5,-262.245,-1259.307,-9999,-9999,-9999,-9999,-9999,-9999,DO_Below_0.097_mg_per_L_LOD|Negative_Value_Raw_Not_Corrected|-9999_mg_per_L_Final_Corrected,DTL_003; RATE_005
N/A,EV_005_INC-W1,10.58052/IEWDR023C,Sediment,1546,6.38,20.4,-262.245,-1274.381,-9999,-9999,-9999,-9999,-9999,-9999,DO_Below_0.097_mg_per_L_LOD|Negative_Value_Raw_Not_Corrected|-9999_mg_per_L_Final_Corrected,DTL_003; RATE_005
N/A,EV_005_INC-W2,10.58052/IEWDR023C,Sediment,1493,6.81,20.5,-228.3,-1097.645,-9999,-9999,-9999,-9999,-9999,-9999,1.18,RATE_005
N/A,EV_005_INC-W3,10.58052/IEWDR023C,Sediment,1481,6.77,20.7,-241.8,-1161.171,-9999,-9999,-9999,-9999,-9999,-9999,0.73,RATE_005
N/A,EV_005_INC-W4,10.58052/IEWDR023C,Sediment,1528,6.75,20.7,-262.245,-1233.612,-9999,-9999,-9999,-9999,-9999,-9999,DO_Below_0.097_mg_per_L_LOD|0.05_mg_per_L_Raw_Not_Corrected|0.05mg_per_L_Final_Corrected,DTL_003; RATE_005
N/A,EV_005_INC-W5,10.58052/IEWDR023C,Sediment,1389,6.71,20.4,-262.245,-1280.799,-9999,-9999,-9999,-9999,-9999,-9999,DO_Below_0.097_mg_per_L_LOD|Negative_Value_Raw_Not_Corrected|-9999_mg_per_L_Final_Corrected,DTL_003; RATE_005; INC_010
N/A,EV_006_INC-D1,10.58052/IEWDR023D,Sediment,1196,6.47,20.2,-200.1,-1236.707,-9999,-9999,-9999,-9999,-9999,-9999,2.12,RATE_005
N/A,EV_006_INC-D2,10.58052/IEWDR023D,Sediment,1054,6.68,20.6,-229.8,-1408.809,-9999,-9999,-9999,-9999,-9999,-9999,1.13,RATE_005
N/A,EV_006_INC-D3,10.58052/IEWDR023D,Sediment,1104,6.6,20.6,-201.9,-1233.649,-9999,-9999,-9999,-9999,-9999,-9999,2.06,RATE_005
N/A,EV_006_INC-D4,10.58052/IEWDR023D,Sediment,1095,6.35,20.6,-253.8,-1568.811,-9999,-9999,-9999,-9999,-9999,-9999,0.33,RATE_005
N/A,EV_006_INC-D5,10.58052/IEWDR023D,Sediment,1101,6.34,20.8,-257.1,-1587.953,-9999,-9999,-9999,-9999,-9999,-9999,0.22,RATE_005
N/A,EV_006_INC-W1,10.58052/IEWDR023D,Sediment,1126,6.63,20.8,-203.1,-1252.766,-9999,-9999,-9999,-9999,-9999,-9999,2.02,RATE_005
N/A,EV_006_INC-W2,10.58052/IEWDR023D,Sediment,1118,6.23,20.8,-262.245,-1633.728,-9999,-9999,-9999,-9999,-9999,-9999,DO_Below_0.097_mg_per_L_LOD|Negative_Value_Raw_Not_Corrected|-9999_mg_per_L_Final_Corrected,DTL_003; RATE_005
N/A,EV_006_INC-W3,10.58052/IEWDR023D,Sediment,671.2,6.34,20.4,-156.6,-968.056,-9999,-9999,-9999,-9999,-9999,-9999,3.57,RATE_005; INC_012
N/A,EV_006_INC-W4,10.58052/IEWDR023D,Sediment,992.7,6.33,20.5,-190.5,-1194.934,-9999,-9999,-9999,-9999,-9999,-9999,2.44,RATE_005; INC_011
N/A,EV_006_INC-W5,10.58052/IEWDR023D,Sediment,1178,6.21,20.7,-262.245,-1651.501,-9999,-9999,-9999,-9999,-9999,-9999,DO_Below_0.097_mg_per_L_LOD|Negative_Value_Raw_Not_Corrected|-9999_mg_per_L_Final_Corrected,DTL_003; RATE_005
N/A,EV_007_INC-D1,10.58052/IEWDR023E,Sediment,908.6,7.29,21.1,-261.6,-1050.475,-9999,-9999,-9999,-9999,-9999,-9999,0.1,RATE_005
N/A,EV_007_INC-D2,10.58052/IEWDR023E,Sediment,927.3,7.32,21.1,-231.9,-929.232,-9999,-9999,-9999,-9999,-9999,-9999,1.09,RATE_005
N/A,EV_007_INC-D3,10.58052/IEWDR023E,Sediment,1019,7.27,21.1,-4.318,-17.689,0.919,0.913,0.0059,28,15,39,7.59,N/A
N/A,EV_007_INC-D4,10.58052/IEWDR023E,Sediment,974.6,7.26,21.1,-4.315,-17.493,0.938,0.934,0.0048,32,17,37,10.88,N/A
N/A,EV_007_INC-D5,10.58052/IEWDR023E,Sediment,-9999,-9999,-9999,-9999,-9999,-9999,-9999,-9999,-9999,-9999,-9999,-9999,INC_Method_001
N/A,EV_007_INC-W1,10.58052/IEWDR023E,Sediment,860.4,8.77,21.1,-252.3,-1053.387,-9999,-9999,-9999,-9999,-9999,-9999,0.41,RATE_005
N/A,EV_007_INC-W2,10.58052/IEWDR023E,Sediment,868.2,7.98,21.1,-221.4,-912.756,-9999,-9999,-9999,-9999,-9999,-9999,1.44,RATE_005
N/A,EV_007_INC-W3,10.58052/IEWDR023E,Sediment,881.5,7.59,21.1,-127.5,-524.696,-9999,-9999,-9999,-9999,-9999,-9999,4.57,RATE_005
N/A,EV_007_INC-W4,10.58052/IEWDR023E,Sediment,893.8,7.42,21.1,-252.3,-1060.258,-9999,-9999,-9999,-9999,-9999,-9999,0.41,RATE_005
N/A,EV_007_INC-W5,10.58052/IEWDR023E,Sediment,-9999,-9999,-9999,-9999,-9999,-9999,-9999,-9999,-9999,-9999,-9999,-9999,INC_Method_001
N/A,EV_008_INC-D1,10.58052/IEWDR023F,Sediment,332.3,7.91,21.2,-1.442,-5.124,0.993,0.993,0.0003,104,53,1,10.89,N/A
N/A,EV_008_INC-D2,10.58052/IEWDR023F,Sediment,333.4,7.81,20.7,-1.443,-5.138,0.83,0.821,0.0026,36,19,35,11.04,N/A
N/A,EV_008_INC-D3,10.58052/IEWDR023F,Sediment,333.2,7.91,21.2,-1.561,-5.489,0.984,0.983,0.0005,102,52,2,11.49,N/A
N/A,EV_008_INC-D4,10.58052/IEWDR023F,Sediment,329.1,8.04,21.1,-1.479,-5.192,0.984,0.984,0.0004,102,52,2,11.27,N/A
N/A,EV_008_INC-D5,10.58052/IEWDR023F,Sediment,329.3,7.9,21.2,-1.773,-6.214,0.977,0.976,0.0006,102,52,2,13.01,N/A
N/A,EV_008_INC-W1,10.58052/IEWDR023F,Sediment,377.4,8.7,20.8,-126.3,-438.458,-9999,-9999,-9999,-9999,-9999,-9999,4.61,RATE_005
N/A,EV_008_INC-W2,10.58052/IEWDR023F,Sediment,353.5,8.95,21,-143.4,-507.681,-9999,-9999,-9999,-9999,-9999,-9999,4.04,RATE_005
N/A,EV_008_INC-W3,10.58052/IEWDR023F,Sediment,359.5,8.29,21.2,-121.8,-436.757,-9999,-9999,-9999,-9999,-9999,-9999,4.76,RATE_005
N/A,EV_008_INC-W4,10.58052/IEWDR023F,Sediment,344.7,7.99,20.9,-1.569,-5.548,0.74,0.707,0.0055,18,10,44,6.67,N/A
N/A,EV_008_INC-W5,10.58052/IEWDR023F,Sediment,361.1,7.92,21.2,-83.7,-295.89,-9999,-9999,-9999,-9999,-9999,52,6.03,N/A
N/A,EV_009_INC-D1,10.58052/IEWDR023G,Sediment,427.9,7.5,21.1,-2.597,-11.986,0.997,0.997,0.0003,102,52,2,9.84,N/A
N/A,EV_009_INC-D2,10.58052/IEWDR023G,Sediment,481.3,7.38,21.2,-2.756,-12.649,0.996,0.996,0.0004,102,52,2,10.6,N/A
N/A,EV_009_INC-D3,10.58052/IEWDR023G,Sediment,476.1,7.38,21.3,-2.506,-11.421,0.991,0.991,0.0006,102,52,2,9.77,N/A
N/A,EV_009_INC-D4,10.58052/IEWDR023G,Sediment,479.8,7.42,21.1,-2.469,-11.243,0.994,0.994,0.0005,102,52,2,9.48,N/A
N/A,EV_009_INC-D5,10.58052/IEWDR023G,Sediment,480.6,7.35,21.3,-2.898,-12.904,0.994,0.994,0.0006,92,47,7,10.95,N/A
N/A,EV_009_INC-W1,10.58052/IEWDR023G,Sediment,543.7,7.27,21.2,-229.2,-1040.46,-9999,-9999,-9999,-9999,-9999,-9999,1.15,RATE_005
N/A,EV_009_INC-W2,10.58052/IEWDR023G,Sediment,473.6,7.37,21.4,-262.245,-1173.654,-9999,-9999,-9999,-9999,-9999,-9999,DO_Below_0.097_mg_per_L_LOD|0.05_mg_per_L_Raw_Not_Corrected|0.05mg_per_L_Final_Corrected,DTL_003; RATE_005
N/A,EV_009_INC-W3,10.58052/IEWDR023G,Sediment,553.6,7.43,21.4,-262.245,-1187.52,-9999,-9999,-9999,-9999,-9999,-9999,DO_Below_0.097_mg_per_L_LOD|Negative_Value_Raw_Not_Corrected|-9999_mg_per_L_Final_Corrected,DTL_003; RATE_005
N/A,EV_009_INC-W4,10.58052/IEWDR023G,Sediment,503.6,7.38,21.1,-257.1,-1162.976,-9999,-9999,-9999,-9999,-9999,-9999,0.22,RATE_005
N/A,EV_009_INC-W5,10.58052/IEWDR023G,Sediment,528.6,7.28,21.2,-262.245,-1191.067,-9999,-9999,-9999,-9999,-9999,-9999,DO_Below_0.097_mg_per_L_LOD|Negative_Value_Raw_Not_Corrected|-9999_mg_per_L_Final_Corrected,DTL_003; RATE_005
N/A,EV_010_INC-D1,10.58052/IEWDR023H,Sediment,1198,7.31,21.1,-252.3,-1641.805,-9999,-9999,-9999,-9999,-9999,-9999,0.38,RATE_005
N/A,EV_010_INC-D2,10.58052/IEWDR023H,Sediment,1162,7.26,21.2,-262.245,-1728.316,-9999,-9999,-9999,-9999,-9999,-9999,DO_Below_0.097_mg_per_L_LOD|Negative_Value_Raw_Not_Corrected|-9999_mg_per_L_Final_Corrected,DTL_003; RATE_005
N/A,EV_010_INC-D3,10.58052/IEWDR023H,Sediment,1167,7.12,21.2,-262.245,-1701.214,-9999,-9999,-9999,-9999,-9999,-9999,DO_Below_0.097_mg_per_L_LOD|Negative_Value_Raw_Not_Corrected|-9999_mg_per_L_Final_Corrected,DTL_003; RATE_005
N/A,EV_010_INC-D4,10.58052/IEWDR023H,Sediment,1147,7.17,21,-262.245,-1729.208,-9999,-9999,-9999,-9999,-9999,-9999,DO_Below_0.097_mg_per_L_LOD|Negative_Value_Raw_Not_Corrected|-9999_mg_per_L_Final_Corrected,DTL_003; RATE_005
N/A,EV_010_INC-D5,10.58052/IEWDR023H,Sediment,1159,7.13,21.3,-262.245,-1697.353,-9999,-9999,-9999,-9999,-9999,-9999,DO_Below_0.097_mg_per_L_LOD|Negative_Value_Raw_Not_Corrected|-9999_mg_per_L_Final_Corrected,DTL_003; RATE_005
N/A,EV_010_INC-W1,10.58052/IEWDR023H,Sediment,1110,7.11,21.4,-262.245,-1685.678,-9999,-9999,-9999,-9999,-9999,-9999,DO_Below_0.097_mg_per_L_LOD|Negative_Value_Raw_Not_Corrected|-9999_mg_per_L_Final_Corrected,DTL_003; RATE_005
N/A,EV_010_INC-W2,10.58052/IEWDR023H,Sediment,1114,7.1,21.3,-262.245,-1666.763,-9999,-9999,-9999,-9999,-9999,-9999,DO_Below_0.097_mg_per_L_LOD|Negative_Value_Raw_Not_Corrected|-9999_mg_per_L_Final_Corrected,DTL_003; RATE_005
N/A,EV_010_INC-W3,10.58052/IEWDR023H,Sediment,1128,7.11,21.4,-262.245,-1680.548,-9999,-9999,-9999,-9999,-9999,-9999,DO_Below_0.097_mg_per_L_LOD|Negative_Value_Raw_Not_Corrected|-9999_mg_per_L_Final_Corrected,DTL_003; RATE_005
N/A,EV_010_INC-W4,10.58052/IEWDR023H,Sediment,1113,7.19,21.3,-262.245,-1697.708,-9999,-9999,-9999,-9999,-9999,-9999,DO_Below_0.097_mg_per_L_LOD|Negative_Value_Raw_Not_Corrected|-9999_mg_per_L_Final_Corrected,DTL_003; RATE_005
N/A,EV_010_INC-W5,10.58052/IEWDR023H,Sediment,1133,7.26,21.3,-9999,-9999,-9999,-9999,-9999,-9999,-9999,-9999,-9999,INC_007
N/A,EV_011_INC-D1,10.58052/IEWDR023I,Sediment,1035,7.25,21,-14.85,-49.785,0.876,0.834,0.0538,8,5,49,9.5,N/A
N/A,EV_011_INC-D2,10.58052/IEWDR023I,Sediment,1056,7,21.1,-8.94,-29.816,0.771,0.694,0.0469,8,5,49,7.93,N/A
N/A,EV_011_INC-D3,10.58052/IEWDR023I,Sediment,972,7.12,21,-11.55,-38.399,0.975,0.973,0.0073,38,20,34,9.73,N/A
N/A,EV_011_INC-D4,10.58052/IEWDR023I,Sediment,829.2,7.36,20.9,-15.539,-50.734,0.988,0.986,0.0118,14,8,46,5.63,N/A
N/A,EV_011_INC-D5,10.58052/IEWDR023I,Sediment,-9999,-9999,-9999,-9999,-9999,-9999,-9999,-9999,-9999,-9999,-9999,-9999,INC_Method_001
N/A,EV_011_INC-W1,10.58052/IEWDR023I,Sediment,777.1,7.05,20.9,-104.1,-345.5,-9999,-9999,-9999,-9999,-9999,52,6.05,N/A
N/A,EV_011_INC-W2,10.58052/IEWDR023I,Sediment,816.3,6.93,21.1,-153.9,-519.59,-9999,-9999,-9999,-9999,-9999,-9999,3.68,RATE_005
N/A,EV_011_INC-W3,10.58052/IEWDR023I,Sediment,870.5,6.81,21,-81.9,-268.441,-9999,-9999,-9999,-9999,-9999,52,5.67,N/A
N/A,EV_011_INC-W4,10.58052/IEWDR023I,Sediment,829.7,6.79,21,-207.3,-678.758,-9999,-9999,-9999,-9999,-9999,-9999,1.9,RATE_005
N/A,EV_011_INC-W5,10.58052/IEWDR023I,Sediment,-9999,-9999,-9999,-9999,-9999,-9999,-9999,-9999,-9999,-9999,-9999,-9999,INC_Method_001
N/A,EV_013_INC-D1,10.58052/IEWDR023K,Sediment,541.5,7.35,20.7,-4.392,-16.534,0.986,0.986,0.0021,36,19,35,7.75,N/A
N/A,EV_013_INC-D2,10.58052/IEWDR023K,Sediment,558.5,7.09,21,-4.143,-15.929,0.983,0.981,0.0024,32,17,37,9.69,N/A
N/A,EV_013_INC-D3,10.58052/IEWDR023K,Sediment,573.7,6.93,21.1,-3.969,-15.099,0.981,0.98,0.0022,36,19,35,10.26,N/A
N/A,EV_013_INC-D4,10.58052/IEWDR023K,Sediment,-9999,-9999,-9999,-9999,-9999,-9999,-9999,-9999,-9999,-9999,-9999,-9999,INC_Method_001
N/A,EV_013_INC-D5,10.58052/IEWDR023K,Sediment,-9999,-9999,-9999,-9999,-9999,-9999,-9999,-9999,-9999,-9999,-9999,-9999,INC_Method_001
N/A,EV_013_INC-W1,10.58052/IEWDR023K,Sediment,484.3,7.17,21,-17.117,-66.135,0.98,0.975,0.0202,10,6,48,5.92,N/A
N/A,EV_013_INC-W2,10.58052/IEWDR023K,Sediment,478,7.25,21,-123,-461.892,-9999,-9999,-9999,-9999,-9999,-9999,4.71,RATE_005
N/A,EV_013_INC-W3,10.58052/IEWDR023K,Sediment,478.5,7.37,21,-29.7,-112.693,0.992,0.985,0.0433,4,3,51,6.31,N/A
N/A,EV_013_INC-W4,10.58052/IEWDR023K,Sediment,-9999,-9999,-9999,-9999,-9999,-9999,-9999,-9999,-9999,-9999,-9999,-9999,INC_Method_001
N/A,EV_013_INC-W5,10.58052/IEWDR023K,Sediment,-9999,-9999,-9999,-9999,-9999,-9999,-9999,-9999,-9999,-9999,-9999,-9999,INC_Method_001
N/A,EV_014_INC-D1,10.58052/IEWDR023L,Sediment,429.3,7.22,20.6,-14.89,-53.545,0.963,0.957,0.0185,16,9,44,10.95,N/A
N/A,EV_014_INC-D2,10.58052/IEWDR023L,Sediment,428.8,7.37,20.7,-22.993,-82.801,0.996,0.995,0.011,12,7,46,11.05,N/A
N/A,EV_014_INC-D3,10.58052/IEWDR023L,Sediment,414.7,7.33,20.7,-10.115,-36.028,0.912,0.902,0.0174,20,11,42,9.3,N/A
N/A,EV_014_INC-D4,10.58052/IEWDR023L,Sediment,419.9,7.13,20.8,-6.685,-24.047,0.972,0.971,0.0034,64,33,20,9.76,N/A
N/A,EV_014_INC-D5,10.58052/IEWDR023L,Sediment,421.5,7.32,20.7,-10.835,-39.403,0.943,0.934,0.0169,16,9,44,8.25,N/A
N/A,EV_014_INC-W1,10.58052/IEWDR023L,Sediment,510.1,7.21,20.6,-262.845,-952.095,-9999,-9999,-9999,-9999,-9999,-9999,DO_Below_0.097_mg_per_L_LOD|Negative_Value_Raw_Not_Corrected|-9999_mg_per_L_Final_Corrected,DTL_003; RATE_005
N/A,EV_014_INC-W2,10.58052/IEWDR023L,Sediment,490.2,7.24,20.5,-262.845,-955.028,-9999,-9999,-9999,-9999,-9999,-9999,DO_Below_0.097_mg_per_L_LOD|Negative_Value_Raw_Not_Corrected|-9999_mg_per_L_Final_Corrected,DTL_003; RATE_005
N/A,EV_014_INC-W3,10.58052/IEWDR023L,Sediment,519.5,7.08,20.9,-252,-913.167,-9999,-9999,-9999,-9999,-9999,-9999,0.41,RATE_005
N/A,EV_014_INC-W4,10.58052/IEWDR023L,Sediment,521.3,7.15,20.8,-262.845,-933.724,-9999,-9999,-9999,-9999,-9999,-9999,DO_Below_0.097_mg_per_L_LOD|0.09_mg_per_L_Raw_Not_Corrected|0.09mg_per_L_Final_Corrected,DTL_003; RATE_005
N/A,EV_014_INC-W5,10.58052/IEWDR023L,Sediment,512.3,7.03,21,-262.845,-953.921,-9999,-9999,-9999,-9999,-9999,-9999,DO_Below_0.097_mg_per_L_LOD|Negative_Value_Raw_Not_Corrected|-9999_mg_per_L_Final_Corrected,DTL_003; RATE_005
N/A,EV_016_INC-D1,10.58052/IEWDR023N,Sediment,815.5,6.64,21,-236.7,-2860.388,-9999,-9999,-9999,-9999,-9999,-9999,0.93,RATE_005
N/A,EV_016_INC-D2,10.58052/IEWDR023N,Sediment,798.3,6.65,20.7,-258.9,-3153.61,-9999,-9999,-9999,-9999,-9999,-9999,0.19,RATE_005
N/A,EV_016_INC-D3,10.58052/IEWDR023N,Sediment,832.4,6.77,20.9,-252,-3126.604,-9999,-9999,-9999,-9999,-9999,-9999,0.42,RATE_005
N/A,EV_016_INC-D4,10.58052/IEWDR023N,Sediment,843.3,6.55,20.8,-248.7,-3091.38,-9999,-9999,-9999,-9999,-9999,-9999,0.53,RATE_005
N/A,EV_016_INC-D5,10.58052/IEWDR023N,Sediment,858.9,6.69,20.6,-229.5,-2820.662,-9999,-9999,-9999,-9999,-9999,-9999,1.17,RATE_005
N/A,EV_016_INC-W1,10.58052/IEWDR023N,Sediment,821.9,6.74,20.7,-263.145,-3216.731,-9999,-9999,-9999,-9999,-9999,-9999,DO_Below_0.097_mg_per_L_LOD|0.01_mg_per_L_Raw_Not_Corrected|0.01mg_per_L_Final_Corrected,DTL_003; RATE_005
N/A,EV_016_INC-W2,10.58052/IEWDR023N,Sediment,799.9,6.8,20.8,-263.145,-3241.946,-9999,-9999,-9999,-9999,-9999,-9999,DO_Below_0.097_mg_per_L_LOD|Negative_Value_Raw_Not_Corrected|-9999_mg_per_L_Final_Corrected,DTL_003; RATE_005
N/A,EV_016_INC-W3,10.58052/IEWDR023N,Sediment,805.3,6.81,20.8,-254.4,-3156.256,-9999,-9999,-9999,-9999,-9999,-9999,0.34,RATE_005
N/A,EV_016_INC-W4,10.58052/IEWDR023N,Sediment,793.3,6.85,20.8,-263.145,-3221.622,-9999,-9999,-9999,-9999,-9999,-9999,DO_Below_0.097_mg_per_L_LOD|Negative_Value_Raw_Not_Corrected|-9999_mg_per_L_Final_Corrected,DTL_003; RATE_005
N/A,EV_016_INC-W5,10.58052/IEWDR023N,Sediment,792.3,6.84,20.7,-263.145,-3236.508,-9999,-9999,-9999,-9999,-9999,-9999,DO_Below_0.097_mg_per_L_LOD|Negative_Value_Raw_Not_Corrected|-9999_mg_per_L_Final_Corrected,DTL_003; RATE_005
N/A,EV_017_INC-D1,10.58052/IEWDR023O,Sediment,210.7,7.15,20.1,-257.4,-1529.584,-9999,-9999,-9999,-9999,-9999,-9999,0.15,RATE_005
N/A,EV_017_INC-D2,10.58052/IEWDR023O,Sediment,217.9,7.14,20.4,-260.46,-1558.035,-9999,-9999,-9999,-9999,-9999,-9999,DO_Below_0.096_mg_per_L_LOD|Negative_Value_Raw_Not_Corrected|-9999_mg_per_L_Final_Corrected,DTL_003; RATE_005
N/A,EV_017_INC-D3,10.58052/IEWDR023O,Sediment,209,7.2,20.4,-255.6,-1528.384,-9999,-9999,-9999,-9999,-9999,-9999,0.21,RATE_005
N/A,EV_017_INC-D4,10.58052/IEWDR023O,Sediment,213.2,7.19,20.2,-258.6,-1550.131,-9999,-9999,-9999,-9999,-9999,-9999,0.11,RATE_005
N/A,EV_017_INC-D5,10.58052/IEWDR023O,Sediment,213.2,-9999,20.2,-249,-1515.48,-9999,-9999,-9999,-9999,-9999,-9999,0.43,PH_000; RATE_005
N/A,EV_017_INC-W1,10.58052/IEWDR023O,Sediment,226,7.36,20.4,-260.46,-1564.522,-9999,-9999,-9999,-9999,-9999,-9999,DO_Below_0.096_mg_per_L_LOD|Negative_Value_Raw_Not_Corrected|-9999_mg_per_L_Final_Corrected,DTL_003; RATE_005
N/A,EV_017_INC-W2,10.58052/IEWDR023O,Sediment,217.8,6.75,20.4,-260.46,-1558.921,-9999,-9999,-9999,-9999,-9999,-9999,DO_Below_0.096_mg_per_L_LOD|Negative_Value_Raw_Not_Corrected|-9999_mg_per_L_Final_Corrected,DTL_003; RATE_005
N/A,EV_017_INC-W3,10.58052/IEWDR023O,Sediment,217.8,7.08,20.5,-260.46,-1578.358,-9999,-9999,-9999,-9999,-9999,-9999,DO_Below_0.096_mg_per_L_LOD|Negative_Value_Raw_Not_Corrected|-9999_mg_per_L_Final_Corrected,DTL_003; RATE_005
N/A,EV_017_INC-W4,10.58052/IEWDR023O,Sediment,213.8,7.23,20.3,-260.46,-1572.242,-9999,-9999,-9999,-9999,-9999,-9999,DO_Below_0.096_mg_per_L_LOD|Negative_Value_Raw_Not_Corrected|-9999_mg_per_L_Final_Corrected,DTL_003; RATE_005
N/A,EV_017_INC-W5,10.58052/IEWDR023O,Sediment,214.9,7.15,20.4,-246.9,-1481.4,-9999,-9999,-9999,-9999,-9999,-9999,0.5,RATE_005
N/A,EV_019_INC-D1,10.58052/IEWDR023P,Sediment,680.3,-9999,20.3,-260.46,-1819.134,-9999,-9999,-9999,-9999,-9999,-9999,DO_Below_0.096_mg_per_L_LOD|Negative_Value_Raw_Not_Corrected|-9999_mg_per_L_Final_Corrected,PH_000; DTL_003; RATE_005
N/A,EV_019_INC-D2,10.58052/IEWDR023P,Sediment,662.9,6.95,20.3,-260.46,-1800.188,-9999,-9999,-9999,-9999,-9999,-9999,DO_Below_0.096_mg_per_L_LOD|Negative_Value_Raw_Not_Corrected|-9999_mg_per_L_Final_Corrected,DTL_003; RATE_005
N/A,EV_019_INC-D3,10.58052/IEWDR023P,Sediment,692.2,6.93,20.4,-260.46,-1813.046,-9999,-9999,-9999,-9999,-9999,-9999,DO_Below_0.096_mg_per_L_LOD|Negative_Value_Raw_Not_Corrected|-9999_mg_per_L_Final_Corrected,DTL_003; RATE_005
N/A,EV_019_INC-D4,10.58052/IEWDR023P,Sediment,670.2,6.89,20.4,-260.46,-1838.923,-9999,-9999,-9999,-9999,-9999,-9999,DO_Below_0.096_mg_per_L_LOD|Negative_Value_Raw_Not_Corrected|-9999_mg_per_L_Final_Corrected,DTL_003; RATE_005
N/A,EV_019_INC-D5,10.58052/IEWDR023P,Sediment,655.1,7.91,20.4,-232.2,-1626.007,-9999,-9999,-9999,-9999,-9999,-9999,0.99,RATE_005
N/A,EV_019_INC-W1,10.58052/IEWDR023P,Sediment,655.3,6.9,20.3,-260.46,-1827.98,-9999,-9999,-9999,-9999,-9999,-9999,DO_Below_0.096_mg_per_L_LOD|Negative_Value_Raw_Not_Corrected|-9999_mg_per_L_Final_Corrected,DTL_003; RATE_005
N/A,EV_019_INC-W2,10.58052/IEWDR023P,Sediment,664.8,6.7,20.4,-260.46,-1799.635,-9999,-9999,-9999,-9999,-9999,-9999,DO_Below_0.096_mg_per_L_LOD|Negative_Value_Raw_Not_Corrected|-9999_mg_per_L_Final_Corrected,DTL_003; RATE_005
N/A,EV_019_INC-W3,10.58052/IEWDR023P,Sediment,636.5,6.51,20.4,-260.46,-1825.94,-9999,-9999,-9999,-9999,-9999,-9999,DO_Below_0.096_mg_per_L_LOD|Negative_Value_Raw_Not_Corrected|-9999_mg_per_L_Final_Corrected,DTL_003; RATE_005
N/A,EV_019_INC-W4,10.58052/IEWDR023P,Sediment,663.8,6.61,20.4,-260.46,-1816.428,-9999,-9999,-9999,-9999,-9999,-9999,DO_Below_0.096_mg_per_L_LOD|Negative_Value_Raw_Not_Corrected|-9999_mg_per_L_Final_Corrected,DTL_003; RATE_005
N/A,EV_019_INC-W5,10.58052/IEWDR023P,Sediment,670.9,6.9,20.4,-260.46,-1833.461,-9999,-9999,-9999,-9999,-9999,-9999,DO_Below_0.096_mg_per_L_LOD|Negative_Value_Raw_Not_Corrected|-9999_mg_per_L_Final_Corrected,DTL_003; RATE_005
N/A,EV_020_INC-D1,10.58052/IEWDR023Q,Sediment,900.4,6.94,20.4,-260.46,-1388.493,-9999,-9999,-9999,-9999,-9999,-9999,DO_Below_0.096_mg_per_L_LOD|0.04_mg_per_L_Raw_Not_Corrected|0.04mg_per_L_Final_Corrected,DTL_003; RATE_005
N/A,EV_020_INC-D2,10.58052/IEWDR023Q,Sediment,882.1,7.13,20.6,-260.46,-1442.486,-9999,-9999,-9999,-9999,-9999,-9999,DO_Below_0.096_mg_per_L_LOD|Negative_Value_Raw_Not_Corrected|-9999_mg_per_L_Final_Corrected,DTL_003; RATE_005
N/A,EV_020_INC-D3,10.58052/IEWDR023Q,Sediment,885.4,7.15,20.7,-260.46,-1415.032,-9999,-9999,-9999,-9999,-9999,-9999,DO_Below_0.096_mg_per_L_LOD|Negative_Value_Raw_Not_Corrected|-9999_mg_per_L_Final_Corrected,DTL_003; RATE_005
N/A,EV_020_INC-D4,10.58052/IEWDR023Q,Sediment,879.4,7.15,20.7,-247.2,-1348.387,-9999,-9999,-9999,-9999,-9999,-9999,0.49,RATE_005
N/A,EV_020_INC-D5,10.58052/IEWDR023Q,Sediment,881.6,7.14,20.7,-256.8,-1411.337,-9999,-9999,-9999,-9999,-9999,-9999,0.17,RATE_005
N/A,EV_020_INC-W1,10.58052/IEWDR023Q,Sediment,882.1,7.06,20.7,-260.46,-1404.767,-9999,-9999,-9999,-9999,-9999,-9999,DO_Below_0.096_mg_per_L_LOD|Negative_Value_Raw_Not_Corrected|-9999_mg_per_L_Final_Corrected,DTL_003; RATE_005
N/A,EV_020_INC-W2,10.58052/IEWDR023Q,Sediment,871.2,7.16,20.6,-260.46,-1417.375,-9999,-9999,-9999,-9999,-9999,-9999,DO_Below_0.096_mg_per_L_LOD|Negative_Value_Raw_Not_Corrected|-9999_mg_per_L_Final_Corrected,DTL_003; RATE_005
N/A,EV_020_INC-W3,10.58052/IEWDR023Q,Sediment,849.7,7.14,20.6,-260.46,-1407.609,-9999,-9999,-9999,-9999,-9999,-9999,DO_Below_0.096_mg_per_L_LOD|Negative_Value_Raw_Not_Corrected|-9999_mg_per_L_Final_Corrected,DTL_003; RATE_005
N/A,EV_020_INC-W4,10.58052/IEWDR023Q,Sediment,856,7.13,20.7,-260.46,-1399.806,-9999,-9999,-9999,-9999,-9999,-9999,DO_Below_0.096_mg_per_L_LOD|Negative_Value_Raw_Not_Corrected|-9999_mg_per_L_Final_Corrected,DTL_003; RATE_005
N/A,EV_020_INC-W5,10.58052/IEWDR023Q,Sediment,834.3,7.15,20.7,-258.3,-1390.948,-9999,-9999,-9999,-9999,-9999,-9999,0.12,RATE_005
N/A,EV_021_INC-D1,10.58052/IEWDR023R,Sediment,837,7.79,20.8,-1.765,-5.982,0.78,0.764,0.0042,30,16,39,8.86,N/A
N/A,EV_021_INC-D2,10.58052/IEWDR023R,Sediment,808.7,7.65,20.3,-0.811,-2.77,0.945,0.944,0.0005,106,54,1,8.98,N/A
N/A,EV_021_INC-D3,10.58052/IEWDR023R,Sediment,833.4,7.47,20.9,-1.113,-3.762,0.885,0.878,0.0016,36,19,36,7.75,N/A
N/A,EV_021_INC-D4,10.58052/IEWDR023R,Sediment,825.7,7.44,20.8,-0.892,-3.005,0.932,0.931,0.0006,106,54,1,9.19,N/A
N/A,EV_021_INC-D5,10.58052/IEWDR023R,Sediment,823.8,7.46,20.8,-0.875,-2.97,0.901,0.899,0.0007,100,51,4,8.55,N/A
N/A,EV_021_INC-W1,10.58052/IEWDR023R,Sediment,786.1,7.42,20.9,-210.9,-716.75,-9999,-9999,-9999,-9999,-9999,-9999,1.67,RATE_005
N/A,EV_021_INC-W2,10.58052/IEWDR023R,Sediment,789.6,7.47,20.9,-212.7,-707.768,-9999,-9999,-9999,-9999,-9999,-9999,1.61,RATE_005
N/A,EV_021_INC-W3,10.58052/IEWDR023R,Sediment,755,7.43,20.9,-203.1,-689.861,-9999,-9999,-9999,-9999,-9999,-9999,1.93,RATE_005
N/A,EV_021_INC-W4,10.58052/IEWDR023R,Sediment,789.9,7.46,20.9,-227.4,-765.529,-9999,-9999,-9999,-9999,-9999,-9999,1.12,RATE_005
N/A,EV_021_INC-W5,10.58052/IEWDR023R,Sediment,437.2,7.64,20.9,-205.2,-699.545,-9999,-9999,-9999,-9999,-9999,-9999,1.86,RATE_005; INC_013
N/A,EV_022_INC-D1,10.58052/IEWDR023S,Sediment,774.3,7.53,20.9,-1.844,-5.42,0.808,0.804,0.0021,106,54,1,9.63,N/A
N/A,EV_022_INC-D2,10.58052/IEWDR023S,Sediment,782.9,7.45,21,-0.421,-1.241,0.906,0.905,0.0003,106,54,1,9.12,N/A
N/A,EV_022_INC-D3,10.58052/IEWDR023S,Sediment,787.4,7.54,20.9,-0.577,-1.686,0.927,0.926,0.0004,106,54,1,9,N/A
N/A,EV_022_INC-D4,10.58052/IEWDR023S,Sediment,791.3,7.43,21,-0.336,-0.993,0.78,0.775,0.0004,106,54,1,9.02,N/A
N/A,EV_022_INC-D5,10.58052/IEWDR023S,Sediment,787.9,7.49,20.9,-0.505,-1.465,0.946,0.945,0.0003,106,54,1,9.7,N/A
N/A,EV_022_INC-W1,10.58052/IEWDR023S,Sediment,677.6,7.67,20.9,-22.74,-66.427,0.971,0.957,0.0461,6,4,51,5.61,N/A
N/A,EV_022_INC-W2,10.58052/IEWDR023S,Sediment,669.5,7.67,20.7,-102,-304.247,-9999,-9999,-9999,-9999,-9999,-9999,5.3,RATE_005
N/A,EV_022_INC-W3,10.58052/IEWDR023S,Sediment,671.3,7.53,20.9,-121.5,-356.965,-9999,-9999,-9999,-9999,-9999,-9999,4.65,RATE_005
N/A,EV_022_INC-W4,10.58052/IEWDR023S,Sediment,680.1,7.55,20.8,-129.3,-372.706,-9999,-9999,-9999,-9999,-9999,-9999,4.39,RATE_005
N/A,EV_022_INC-W5,10.58052/IEWDR023S,Sediment,600.8,7.54,20.9,-96.9,-285.298,-9999,-9999,-9999,-9999,-9999,-9999,5.47,RATE_005
N/A,EV_023_INC-D1,10.58052/IEWDR023T,Sediment,340.5,7.45,21.2,-250.5,-1272.678,-9999,-9999,-9999,-9999,-9999,-9999,0.35,RATE_005
N/A,EV_023_INC-D2,10.58052/IEWDR023T,Sediment,348.7,7.58,20.8,-259.56,-1331.512,-9999,-9999,-9999,-9999,-9999,-9999,DO_Below_0.096_mg_per_L_LOD|Negative_Value_Raw_Not_Corrected|-9999_mg_per_L_Final_Corrected,DTL_003; RATE_005
N/A,EV_023_INC-D3,10.58052/IEWDR023T,Sediment,342.9,7.48,21.3,-259.56,-1360.654,-9999,-9999,-9999,-9999,-9999,-9999,DO_Below_0.096_mg_per_L_LOD|Negative_Value_Raw_Not_Corrected|-9999_mg_per_L_Final_Corrected,DTL_003; RATE_005
N/A,EV_023_INC-D4,10.58052/IEWDR023T,Sediment,329,7.58,21,-256.8,-1315.594,-9999,-9999,-9999,-9999,-9999,-9999,0.14,RATE_005
N/A,EV_023_INC-D5,10.58052/IEWDR023T,Sediment,348.2,7.33,21.1,-259.56,-1329.863,-9999,-9999,-9999,-9999,-9999,-9999,DO_Below_0.096_mg_per_L_LOD|0.06_mg_per_L_Raw_Not_Corrected|0.06mg_per_L_Final_Corrected,DTL_003; RATE_005
N/A,EV_023_INC-W1,10.58052/IEWDR023T,Sediment,327.3,7.5,21.2,-259.56,-1307.479,-9999,-9999,-9999,-9999,-9999,-9999,DO_Below_0.096_mg_per_L_LOD|Negative_Value_Raw_Not_Corrected|-9999_mg_per_L_Final_Corrected,DTL_003; RATE_005
N/A,EV_023_INC-W2,10.58052/IEWDR023T,Sediment,350.8,7.41,21.3,-259.56,-1350.324,-9999,-9999,-9999,-9999,-9999,-9999,DO_Below_0.096_mg_per_L_LOD|Negative_Value_Raw_Not_Corrected|-9999_mg_per_L_Final_Corrected,DTL_003; RATE_005
N/A,EV_023_INC-W3,10.58052/IEWDR023T,Sediment,345.6,7.42,21.2,-259.56,-1346.626,-9999,-9999,-9999,-9999,-9999,-9999,DO_Below_0.096_mg_per_L_LOD|Negative_Value_Raw_Not_Corrected|-9999_mg_per_L_Final_Corrected,DTL_003; RATE_005
N/A,EV_023_INC-W4,10.58052/IEWDR023T,Sediment,365.2,7.38,21.3,-259.56,-1353.384,-9999,-9999,-9999,-9999,-9999,-9999,DO_Below_0.096_mg_per_L_LOD|Negative_Value_Raw_Not_Corrected|-9999_mg_per_L_Final_Corrected,DTL_003; RATE_005
N/A,EV_023_INC-W5,10.58052/IEWDR023T,Sediment,366.2,7.41,21.2,-259.56,-1352.525,-9999,-9999,-9999,-9999,-9999,-9999,DO_Below_0.096_mg_per_L_LOD|Negative_Value_Raw_Not_Corrected|-9999_mg_per_L_Final_Corrected,DTL_003; RATE_005
N/A,EV_024_INC-D1,10.58052/IEWDR023U,Sediment,1133,7.25,21.1,-259.56,-1411.54,-9999,-9999,-9999,-9999,-9999,-9999,DO_Below_0.096_mg_per_L_LOD|Negative_Value_Raw_Not_Corrected|-9999_mg_per_L_Final_Corrected,DTL_003; RATE_005
N/A,EV_024_INC-D2,10.58052/IEWDR023U,Sediment,1114,7.37,21.1,-259.56,-1388.725,-9999,-9999,-9999,-9999,-9999,-9999,DO_Below_0.096_mg_per_L_LOD|Negative_Value_Raw_Not_Corrected|-9999_mg_per_L_Final_Corrected,DTL_003; RATE_005
N/A,EV_024_INC-D3,10.58052/IEWDR023U,Sediment,1117,7.23,21.2,-259.56,-1408.51,-9999,-9999,-9999,-9999,-9999,-9999,DO_Below_0.096_mg_per_L_LOD|Negative_Value_Raw_Not_Corrected|-9999_mg_per_L_Final_Corrected,DTL_003; RATE_005
N/A,EV_024_INC-D4,10.58052/IEWDR023U,Sediment,1124,7.37,21,-259.56,-1392.884,-9999,-9999,-9999,-9999,-9999,-9999,DO_Below_0.096_mg_per_L_LOD|0.04_mg_per_L_Raw_Not_Corrected|0.04mg_per_L_Final_Corrected,DTL_003; RATE_005
N/A,EV_024_INC-D5,10.58052/IEWDR023U,Sediment,1140,7.22,21.1,-252.3,-1355.823,-9999,-9999,-9999,-9999,-9999,-9999,0.29,RATE_005
N/A,EV_024_INC-W1,10.58052/IEWDR023U,Sediment,1032,7.37,21.1,-259.56,-1346.237,-9999,-9999,-9999,-9999,-9999,-9999,DO_Below_0.096_mg_per_L_LOD|Negative_Value_Raw_Not_Corrected|-9999_mg_per_L_Final_Corrected,DTL_003; RATE_005
N/A,EV_024_INC-W2,10.58052/IEWDR023U,Sediment,1003,7.18,21.3,-259.56,-1356.683,-9999,-9999,-9999,-9999,-9999,-9999,DO_Below_0.096_mg_per_L_LOD|Negative_Value_Raw_Not_Corrected|-9999_mg_per_L_Final_Corrected,DTL_003; RATE_005
N/A,EV_024_INC-W3,10.58052/IEWDR023U,Sediment,1036,7.22,21.4,-237.3,-1256.024,-9999,-9999,-9999,-9999,-9999,-9999,0.79,RATE_005
N/A,EV_024_INC-W4,10.58052/IEWDR023U,Sediment,1045,7.15,21.2,-259.56,-1393.914,-9999,-9999,-9999,-9999,-9999,-9999,DO_Below_0.096_mg_per_L_LOD|Negative_Value_Raw_Not_Corrected|-9999_mg_per_L_Final_Corrected,DTL_003; RATE_005
N/A,EV_024_INC-W5,10.58052/IEWDR023U,Sediment,1061,7.15,21.1,-259.56,-1377.441,-9999,-9999,-9999,-9999,-9999,-9999,DO_Below_0.096_mg_per_L_LOD|Negative_Value_Raw_Not_Corrected|-9999_mg_per_L_Final_Corrected,DTL_003; RATE_005
N/A,EV_025_INC-D1,10.58052/IEWDR023V,Sediment,186.6,7.7,20.3,-3.668,-15.794,0.98,0.98,0.0013,98,48,5,8.03,N/A
N/A,EV_025_INC-D2,10.58052/IEWDR023V,Sediment,180.5,7.69,20.5,-7.68,-33.556,0.663,0.55,0.0527,8,5,48,8.97,N/A
N/A,EV_025_INC-D3,10.58052/IEWDR023V,Sediment,163.3,7.7,20.5,-3.15,-13.319,0.982,0.98,0.0018,34,18,35,8.71,N/A
N/A,EV_025_INC-D4,10.58052/IEWDR023V,Sediment,179.1,7.7,20.5,-77.1,-335.142,-9999,-9999,-9999,-9999,-9999,51,7.32,N/A
N/A,EV_025_INC-D5,10.58052/IEWDR023V,Sediment,185.1,7.65,20.4,-12.075,-51.692,0.963,0.956,0.0175,12,7,46,7.42,N/A
N/A,EV_025_INC-W1,10.58052/IEWDR023V,Sediment,244.1,7.22,20.1,-265.83,-1150.836,-9999,-9999,-9999,-9999,-9999,-9999,DO_Below_0.098_mg_per_L_LOD|Negative_Value_Raw_Not_Corrected|-9999_mg_per_L_Final_Corrected,DTL_003; RATE_005
N/A,EV_025_INC-W2,10.58052/IEWDR023V,Sediment,234.6,7.33,20.2,-265.83,-1157.207,-9999,-9999,-9999,-9999,-9999,-9999,DO_Below_0.098_mg_per_L_LOD|0.03_mg_per_L_Raw_Not_Corrected|0.03mg_per_L_Final_Corrected,DTL_003; RATE_005
N/A,EV_025_INC-W3,10.58052/IEWDR023V,Sediment,237.3,7.33,20.4,-240.3,-1047.15,-9999,-9999,-9999,-9999,-9999,-9999,0.9,RATE_005
N/A,EV_025_INC-W4,10.58052/IEWDR023V,Sediment,233.4,7.5,20.4,-265.83,-1144.625,-9999,-9999,-9999,-9999,-9999,-9999,DO_Below_0.098_mg_per_L_LOD|Negative_Value_Raw_Not_Corrected|-9999_mg_per_L_Final_Corrected,DTL_003; RATE_005
N/A,EV_025_INC-W5,10.58052/IEWDR023V,Sediment,248.5,7.5,20.3,-265.83,-1164.578,-9999,-9999,-9999,-9999,-9999,-9999,DO_Below_0.098_mg_per_L_LOD|Negative_Value_Raw_Not_Corrected|-9999_mg_per_L_Final_Corrected,DTL_003; RATE_005
N/A,EV_026_INC-D1,10.58052/IEWDR023W,Sediment,376.9,7.55,19.8,-5.792,-24.776,0.875,0.864,0.011,24,13,40,11.08,N/A
N/A,EV_026_INC-D2,10.58052/IEWDR023W,Sediment,300.2,7.35,20.6,-7.671,-33.026,0.943,0.932,0.014,12,7,46,7.77,N/A
N/A,EV_026_INC-D3,10.58052/IEWDR023W,Sediment,313.8,7.47,20.3,-7.38,-31.588,0.917,0.905,0.014,16,9,44,9.23,N/A
N/A,EV_026_INC-D4,10.58052/IEWDR023W,Sediment,306.1,7.55,20.3,-6.72,-29.215,0.819,0.728,0.0373,6,4,49,8.23,N/A
N/A,EV_026_INC-D5,10.58052/IEWDR023W,Sediment,306.2,7.56,20.3,-5.62,-24.298,0.952,0.948,0.0059,28,15,38,10.85,N/A
N/A,EV_026_INC-W1,10.58052/IEWDR023W,Sediment,401.4,7.37,20.3,-265.83,-1150.844,-9999,-9999,-9999,-9999,-9999,-9999,DO_Below_0.098_mg_per_L_LOD|Negative_Value_Raw_Not_Corrected|-9999_mg_per_L_Final_Corrected,DTL_003; RATE_005
N/A,EV_026_INC-W2,10.58052/IEWDR023W,Sediment,370.4,7.41,20.5,-265.83,-1133.241,-9999,-9999,-9999,-9999,-9999,-9999,DO_Below_0.098_mg_per_L_LOD|Negative_Value_Raw_Not_Corrected|-9999_mg_per_L_Final_Corrected,DTL_003; RATE_005
N/A,EV_026_INC-W3,10.58052/IEWDR023W,Sediment,356.3,7.33,20.5,-262.2,-1117.135,-9999,-9999,-9999,-9999,-9999,-9999,0.17,RATE_005
N/A,EV_026_INC-W4,10.58052/IEWDR023W,Sediment,378.9,7.24,20.4,-265.83,-1129.289,-9999,-9999,-9999,-9999,-9999,-9999,DO_Below_0.098_mg_per_L_LOD|Negative_Value_Raw_Not_Corrected|-9999_mg_per_L_Final_Corrected,DTL_003; RATE_005
N/A,EV_026_INC-W5,10.58052/IEWDR023W,Sediment,398.8,7.5,20.4,-265.83,-1128.811,-9999,-9999,-9999,-9999,-9999,-9999,DO_Below_0.098_mg_per_L_LOD|Negative_Value_Raw_Not_Corrected|-9999_mg_per_L_Final_Corrected,DTL_003; RATE_005
N/A,EV_027_INC-D1,10.58052/IEWDR023X,Sediment,700,7.56,20.5,-0.144,-0.474,0.482,0.472,0.0003,106,54,1,8.92,N/A
N/A,EV_027_INC-D2,10.58052/IEWDR023X,Sediment,699.6,7.58,20.4,-0.346,-1.136,0.754,0.749,0.0005,106,54,1,9.44,N/A
N/A,EV_027_INC-D3,10.58052/IEWDR023X,Sediment,702.6,7.47,20.6,-0.177,-0.566,0.425,0.414,0.0005,106,54,1,7.76,N/A
N/A,EV_027_INC-D4,10.58052/IEWDR023X,Sediment,705.3,7.52,20.5,-0.149,-0.479,0.204,0.188,0.0007,106,54,1,8.42,N/A
N/A,EV_027_INC-D5,10.58052/IEWDR023X,Sediment,693,7.5,20.6,-0.062,-0.207,0.077,0.06,0.0005,106,54,1,7.93,N/A
N/A,EV_027_INC-W1,10.58052/IEWDR023X,Sediment,640.4,7.53,20.5,-110.7,-360.813,-9999,-9999,-9999,-9999,-9999,-9999,5.22,RATE_005
N/A,EV_027_INC-W2,10.58052/IEWDR023X,Sediment,648.7,7.47,20.6,-123.9,-410.273,-9999,-9999,-9999,-9999,-9999,-9999,4.78,RATE_005
N/A,EV_027_INC-W3,10.58052/IEWDR023X,Sediment,645.8,7.47,20.5,-158.4,-509.741,-9999,-9999,-9999,-9999,-9999,-9999,3.63,RATE_005
N/A,EV_027_INC-W4,10.58052/IEWDR023X,Sediment,636.8,7.37,20.5,-132,-443.21,-9999,-9999,-9999,-9999,-9999,-9999,4.51,RATE_005
N/A,EV_027_INC-W5,10.58052/IEWDR023X,Sediment,635.5,7.44,20.5,-160.8,-529.191,-9999,-9999,-9999,-9999,-9999,-9999,3.55,RATE_005
N/A,EV_028_INC-D1,10.58052/IEWDR023Y,Sediment,724.5,7.46,20.6,-265.83,-1224.75,-9999,-9999,-9999,-9999,-9999,-9999,DO_Below_0.098_mg_per_L_LOD|Negative_Value_Raw_Not_Corrected|-9999_mg_per_L_Final_Corrected,DTL_003; RATE_005
N/A,EV_028_INC-D2,10.58052/IEWDR023Y,Sediment,759,7.46,20.5,-265.83,-1212.849,-9999,-9999,-9999,-9999,-9999,-9999,DO_Below_0.098_mg_per_L_LOD|0.07_mg_per_L_Raw_Not_Corrected|0.07mg_per_L_Final_Corrected,DTL_003; RATE_005
N/A,EV_028_INC-D3,10.58052/IEWDR023Y,Sediment,753.5,7.39,20.6,-265.83,-1209.234,-9999,-9999,-9999,-9999,-9999,-9999,DO_Below_0.098_mg_per_L_LOD|Negative_Value_Raw_Not_Corrected|-9999_mg_per_L_Final_Corrected,DTL_003; RATE_005
N/A,EV_028_INC-D4,10.58052/IEWDR023Y,Sediment,766.1,7.43,20.7,-265.83,-1177.749,-9999,-9999,-9999,-9999,-9999,-9999,DO_Below_0.098_mg_per_L_LOD|Negative_Value_Raw_Not_Corrected|-9999_mg_per_L_Final_Corrected,DTL_003; RATE_005
N/A,EV_028_INC-D5,10.58052/IEWDR023Y,Sediment,765.8,7.5,20.6,-265.83,-1216.629,-9999,-9999,-9999,-9999,-9999,-9999,DO_Below_0.098_mg_per_L_LOD|Negative_Value_Raw_Not_Corrected|-9999_mg_per_L_Final_Corrected,DTL_003; RATE_005
N/A,EV_028_INC-W1,10.58052/IEWDR023Y,Sediment,729.9,7.48,20.5,-265.83,-1185.452,-9999,-9999,-9999,-9999,-9999,-9999,DO_Below_0.098_mg_per_L_LOD|Negative_Value_Raw_Not_Corrected|-9999_mg_per_L_Final_Corrected,DTL_003; RATE_005; VI_ALL_007
N/A,EV_028_INC-W2,10.58052/IEWDR023Y,Sediment,715.9,7.35,20.6,-265.83,-1211.679,-9999,-9999,-9999,-9999,-9999,-9999,DO_Below_0.098_mg_per_L_LOD|Negative_Value_Raw_Not_Corrected|-9999_mg_per_L_Final_Corrected,DTL_003; RATE_005
N/A,EV_028_INC-W3,10.58052/IEWDR023Y,Sediment,731.7,7.24,20.5,-265.83,-1220.562,-9999,-9999,-9999,-9999,-9999,-9999,DO_Below_0.098_mg_per_L_LOD|Negative_Value_Raw_Not_Corrected|-9999_mg_per_L_Final_Corrected,DTL_003; RATE_005
N/A,EV_028_INC-W4,10.58052/IEWDR023Y,Sediment,742.3,7.35,20.3,-265.83,-1173.14,-9999,-9999,-9999,-9999,-9999,-9999,DO_Below_0.098_mg_per_L_LOD|Negative_Value_Raw_Not_Corrected|-9999_mg_per_L_Final_Corrected,DTL_003; RATE_005
N/A,EV_028_INC-W5,10.58052/IEWDR023Y,Sediment,733.3,7.46,20.4,-265.83,-1266.574,-9999,-9999,-9999,-9999,-9999,-9999,DO_Below_0.098_mg_per_L_LOD|Negative_Value_Raw_Not_Corrected|-9999_mg_per_L_Final_Corrected,DTL_003; RATE_005
N/A,EV_029_INC-D1,10.58052/IEWDR023Z,Sediment,678.3,7.09,20.1,-1.899,-5.714,0.762,0.742,0.0051,26,14,41,10,N/A
N/A,EV_029_INC-D2,10.58052/IEWDR023Z,Sediment,667.5,7.23,20.2,-0.788,-2.391,0.976,0.976,0.0003,106,54,1,9.25,N/A
N/A,EV_029_INC-D3,10.58052/IEWDR023Z,Sediment,678.6,7.34,20.2,-5.7,-17.421,0.603,0.404,0.0545,6,4,51,9.86,N/A
N/A,EV_029_INC-D4,10.58052/IEWDR023Z,Sediment,682.8,7.21,19.9,-1.692,-5.1,0.919,0.914,0.002,38,20,35,9.63,N/A
N/A,EV_029_INC-D5,10.58052/IEWDR023Z,Sediment,659.7,7.2,20.1,-0.775,-2.311,0.975,0.975,0.0003,106,54,1,9.21,N/A
N/A,EV_029_INC-W1,10.58052/IEWDR023Z,Sediment,640.8,7.12,19.9,-130.2,-385.405,-9999,-9999,-9999,-9999,-9999,-9999,4.56,RATE_005
N/A,EV_029_INC-W2,10.58052/IEWDR023Z,Sediment,575,7.22,20.1,-143.1,-435.824,-9999,-9999,-9999,-9999,-9999,-9999,4.13,RATE_005
N/A,EV_029_INC-W3,10.58052/IEWDR023Z,Sediment,630.5,7.11,20.1,-162.9,-493.834,-9999,-9999,-9999,-9999,-9999,-9999,3.47,RATE_005
N/A,EV_029_INC-W4,10.58052/IEWDR023Z,Sediment,583.4,7.25,19.9,-165.3,-508.531,-9999,-9999,-9999,-9999,-9999,-9999,3.39,RATE_005
N/A,EV_029_INC-W5,10.58052/IEWDR023Z,Sediment,593.7,7.21,20.1,-206.4,-613.442,-9999,-9999,-9999,-9999,-9999,-9999,2.02,RATE_005
N/A,EV_030_INC-D1,10.58052/IEWDR0240,Sediment,514.3,6.94,20.1,-265.53,-2129.294,-9999,-9999,-9999,-9999,-9999,-9999,DO_Below_0.098_mg_per_L_LOD|Negative_Value_Raw_Not_Corrected|-9999_mg_per_L_Final_Corrected,DTL_003; RATE_005; INC_010
N/A,EV_030_INC-D2,10.58052/IEWDR0240,Sediment,526,6.96,19.9,-255.3,-2053.971,-9999,-9999,-9999,-9999,-9999,-9999,0.39,RATE_005
N/A,EV_030_INC-D3,10.58052/IEWDR0240,Sediment,507.1,6.95,20.1,-265.53,-2116.123,-9999,-9999,-9999,-9999,-9999,-9999,DO_Below_0.098_mg_per_L_LOD|Negative_Value_Raw_Not_Corrected|-9999_mg_per_L_Final_Corrected,DTL_003; RATE_005
N/A,EV_030_INC-D4,10.58052/IEWDR0240,Sediment,506.4,6.93,19.8,-265.53,-2130.063,-9999,-9999,-9999,-9999,-9999,-9999,DO_Below_0.098_mg_per_L_LOD|Negative_Value_Raw_Not_Corrected|-9999_mg_per_L_Final_Corrected,DTL_003; RATE_005
N/A,EV_030_INC-D5,10.58052/IEWDR0240,Sediment,521.3,6.94,19.7,-263.4,-2098.343,-9999,-9999,-9999,-9999,-9999,-9999,0.12,RATE_005
N/A,EV_030_INC-W1,10.58052/IEWDR0240,Sediment,528.8,6.85,20,-265.53,-2114.161,-9999,-9999,-9999,-9999,-9999,-9999,DO_Below_0.098_mg_per_L_LOD|Negative_Value_Raw_Not_Corrected|-9999_mg_per_L_Final_Corrected,DTL_003; RATE_005
N/A,EV_030_INC-W2,10.58052/IEWDR0240,Sediment,514.1,6.86,19.6,-265.53,-1929.724,-9999,-9999,-9999,-9999,-9999,-9999,DO_Below_0.098_mg_per_L_LOD|Negative_Value_Raw_Not_Corrected|-9999_mg_per_L_Final_Corrected,DTL_003; RATE_005
N/A,EV_030_INC-W3,10.58052/IEWDR0240,Sediment,502.8,7.53,19.8,-265.53,-2115.749,-9999,-9999,-9999,-9999,-9999,-9999,DO_Below_0.098_mg_per_L_LOD|Negative_Value_Raw_Not_Corrected|-9999_mg_per_L_Final_Corrected,DTL_003; RATE_005
N/A,EV_030_INC-W4,10.58052/IEWDR0240,Sediment,511,6.94,19.7,-265.53,-2136.292,-9999,-9999,-9999,-9999,-9999,-9999,DO_Below_0.098_mg_per_L_LOD|Negative_Value_Raw_Not_Corrected|-9999_mg_per_L_Final_Corrected,DTL_003; RATE_005
N/A,EV_030_INC-W5,10.58052/IEWDR0240,Sediment,496.3,7.08,19.8,-265.53,-2118.829,-9999,-9999,-9999,-9999,-9999,-9999,DO_Below_0.098_mg_per_L_LOD|Negative_Value_Raw_Not_Corrected|-9999_mg_per_L_Final_Corrected,DTL_003; RATE_005
N/A,EV_031_INC-D1,10.58052/IEWDR0241,Sediment,1244,7.15,19.9,-265.53,-1468.811,-9999,-9999,-9999,-9999,-9999,-9999,DO_Below_0.098_mg_per_L_LOD|Negative_Value_Raw_Not_Corrected|-9999_mg_per_L_Final_Corrected,DTL_003; RATE_005
N/A,EV_031_INC-D2,10.58052/IEWDR0241,Sediment,1261,7.15,20,-265.53,-1486.855,-9999,-9999,-9999,-9999,-9999,-9999,DO_Below_0.098_mg_per_L_LOD|Negative_Value_Raw_Not_Corrected|-9999_mg_per_L_Final_Corrected,DTL_003; RATE_005
N/A,EV_031_INC-D3,10.58052/IEWDR0241,Sediment,1251,7.11,19.6,-265.53,-1482.613,-9999,-9999,-9999,-9999,-9999,-9999,DO_Below_0.098_mg_per_L_LOD|Negative_Value_Raw_Not_Corrected|-9999_mg_per_L_Final_Corrected,DTL_003; RATE_005
N/A,EV_031_INC-D4,10.58052/IEWDR0241,Sediment,1268,7.22,19.9,-265.53,-1486.345,-9999,-9999,-9999,-9999,-9999,-9999,DO_Below_0.098_mg_per_L_LOD|Negative_Value_Raw_Not_Corrected|-9999_mg_per_L_Final_Corrected,DTL_003; RATE_005
N/A,EV_031_INC-D5,10.58052/IEWDR0241,Sediment,1271,7.16,20,-202.8,-1131.706,-9999,-9999,-9999,-9999,-9999,-9999,2.14,RATE_005
N/A,EV_031_INC-W1,10.58052/IEWDR0241,Sediment,1251,6.76,20.1,-259.2,-1427.534,-9999,-9999,-9999,-9999,-9999,-9999,0.26,RATE_005
N/A,EV_031_INC-W2,10.58052/IEWDR0241,Sediment,1242,7.05,20.1,-261,-1438.146,-9999,-9999,-9999,-9999,-9999,-9999,0.2,RATE_005
N/A,EV_031_INC-W3,10.58052/IEWDR0241,Sediment,1234,7.14,19.9,-265.53,-1476.939,-9999,-9999,-9999,-9999,-9999,-9999,DO_Below_0.098_mg_per_L_LOD|Negative_Value_Raw_Not_Corrected|-9999_mg_per_L_Final_Corrected,DTL_003; RATE_005
N/A,EV_031_INC-W4,10.58052/IEWDR0241,Sediment,1214,7.2,19.8,-265.53,-1470.911,-9999,-9999,-9999,-9999,-9999,-9999,DO_Below_0.098_mg_per_L_LOD|Negative_Value_Raw_Not_Corrected|-9999_mg_per_L_Final_Corrected,DTL_003; RATE_005
N/A,EV_031_INC-W5,10.58052/IEWDR0241,Sediment,1213,7.01,20.1,-265.53,-1481.618,-9999,-9999,-9999,-9999,-9999,-9999,DO_Below_0.098_mg_per_L_LOD|Negative_Value_Raw_Not_Corrected|-9999_mg_per_L_Final_Corrected,DTL_003; RATE_005
#End_Data,,,,,,,,,,,,,,,,
