"cube_Effect_Size_SpC_microsiemens_per_cm","cube_Effect_Size_Fe_mg_per_kg","cube_Effect_Size_C_percent_per_mg","cube_Percent_Med_Sand","cube_Percent_Fine_Sand","cube_Median_SpC_microsiemens_per_cm","cube_Median_ATP_picomoles_per_g","cube_Median_X01395_C_percent_per_mg","cube_Median_X01397_N_percent_per_mg"
1.05256988078161,2.05948578273265,0.118304605931308,-0.149494877314135,1.9083560967973,-0.0924006900206172,1.19652921593781,1.88554532313099,0.375885794896775
1.01389828448818,1.94387783478674,0.240151813672416,-0.141019168765993,1.96519330424514,0.0293095335241593,1.433317915027,2.04029924680539,0.396406118504205
0.947578628060125,1.92233009370282,0.127590819888416,-0.301867614041443,1.7409117012331,-0.0688239412684924,1.23733294299912,1.83920148623763,0.374980751261689
0.756245664310473,1.94493873664098,0.161509049378283,-0.182396116006453,1.70873409543831,-0.0748669132150954,1.27153333342837,2.24745680986602,0.326049812213665
1.02476718162225,1.88767244195224,0.156192303790792,-0.241861002082092,1.9514260439922,-0.120343478260252,1.36991364851032,1.9344045426704,0.309774067474801
1.03780141851103,1.8504041210927,0.185727508763881,-0.100007252833106,1.96317440890821,-0.210942407211797,1.22565006200432,1.98181643973206,0.456997112692899
0.791846229260971,1.87202402535681,0.0706859675853359,-0.253569892465014,1.68386215825727,-0.0157493519150706,1.21306808509147,1.91899887596721,0.325743542605392
0.950094060138493,1.86802360785902,-0.00120746993720114,-0.270444758570305,1.96360344239259,-0.14118794087642,1.09167201771739,2.04097330384184,0.454842329819815
0.841614438482315,1.90064062348705,0.0955542153218149,-0.203827523492735,1.89443050319976,-0.0722212134541033,1.15072594918531,2.0590895186547,0.4471929272649
0.798831625797746,2.01236867340275,0.161575774385461,-0.17381886540481,1.73898600230226,-0.129186879684041,1.20254460061366,2.14320278735379,0.223008293922622
0.651180134186706,2.03225534531802,0.121915290772632,-0.150443699719814,1.51092855426785,0.0187666095818281,1.16425488864853,2.00875710112096,0.439039190339885
0.806967109501529,2.00649623786749,0.159179455660824,-0.236433925041348,1.84143804397421,-0.0628545579516361,1.11592062404055,2.0157907741711,0.463586488941555
0.823623478646042,1.7972969557168,0.124595755199902,-0.212281282785493,1.54702890876925,-0.132993436001804,1.14995757595918,1.91912550445695,0.168609748654165
0.958515897035102,1.94986025848044,0.189170572622572,-0.278487973071085,1.73534372268759,-0.0943894729450014,1.25249468087598,2.08501334149642,0.414673574205915
0.837445720794422,1.95952031539433,0.0761720414747508,-0.192340924745643,1.97672171755647,-0.0522390235354433,1.10276886361332,1.9911151634129,0.393791537368632
0.907329540133363,1.65440431380567,0.0800372423415689,-0.209182875059026,1.62677628135631,-0.146273752414858,1.34708106154845,1.90474760425972,0.277516880739848
0.715374760707851,2.26213526248837,0.0458435657228455,-0.211516137070132,1.84875543743698,-0.055939017618621,1.06823509126642,1.92202326939679,0.274657216127962
0.932462850408595,2.16485347640947,0.258708681784312,-0.105442744409398,1.72927343328725,-0.0849952563600275,1.2278214022281,2.11135272883833,0.191771329631033
0.949919513859014,2.0722050106381,0.214476709429241,-0.204914055611272,1.86356752363712,-0.210438977682531,1.20080992022493,2.15127929252651,0.390952869476227
0.967862672745982,1.62742219288074,0.143934602885698,-0.205488719681751,1.8956867209167,-0.0918711937607744,1.4298470748018,1.83365633903193,0.310980871149775
0.915465219773817,2.04207322592901,0.0506586880730421,-0.242678453101032,1.66040706505185,-0.110524824885759,1.31829411794177,2.14631782657278,0.365331798019148
0.96747136910519,2.021871155872,0.15338747629454,-0.232689190832351,1.86334105026381,-0.0915534386011681,1.34338416849559,1.77758867520029,0.455336489336016
0.97847586302293,1.761802053173,0.211708817235114,-0.259577726030362,1.90397011614573,-0.135243876381453,1.21393263478745,1.92205427984522,0.46156741059689
0.971300822176793,1.97227390032604,0.247693407971997,-0.219076155604364,1.82792321489097,0.00177063530435974,1.23041927157608,2.20850025946325,0.523855317704974
0.728103910571871,2.01050904222324,0.269149489195937,-0.132856377466753,1.8746040027263,-0.0956061222995517,1.17003329893682,1.96829728540594,0.463487546611673
0.761187960738917,2.01010771099299,-0.0102615377702847,-0.194027386866973,2.14148392252209,-0.155327299322782,1.16164177767636,1.98648850564008,0.408329055575328
0.946715652866231,1.98659668209767,0.170281401077246,-0.304203335623104,2.118831652931,-0.146987936938756,1.1071863712791,2.15350744758346,0.384282507297735
0.861109791972822,1.96095364557794,0.0277301069900256,-0.264872964525708,1.76285943153164,-0.0740425833395727,1.36833675672548,1.8984840308831,0.241761153779782
1.00524771992871,2.01014541184057,0.219015473516524,-0.139375567293574,1.89297759455319,-0.220817969190488,1.15511917696531,2.2482668517266,0.434543239092266
1.03191047562679,2.07296788307258,0.0595353888941123,-0.214862511274219,1.81521180914608,-0.141916817099358,1.04795238632991,2.07138816826726,0.327911922118438
0.799692167566197,2.03681507525269,0.0914240672410538,-0.168117351942731,1.98485165386381,-0.0598956134299639,1.02254113206261,1.86325014585812,0.358511458650572
1.08613990139085,2.05074971170819,-0.10993119281702,-0.190265882460473,1.89107163561477,-0.100193769208488,1.14085767837747,2.28085739406261,0.410601143291067
0.79106312836224,2.08288967397505,0.292139564094065,-0.137993117658303,1.68693639567881,-0.0350757102382842,1.22153371251806,2.10912550114546,0.325203566102486
0.796846342709463,1.91294084925475,0.131581432125022,-0.244333540024541,1.74100908064544,-0.0618890255753257,1.2358759682755,2.00545520504589,0.351551132538927
0.914973760069457,1.92223339442464,0.207924529747395,-0.261819531944629,1.83349074689234,-0.0929763567921919,1.20886608408549,2.06999002966929,0.303716519066521
0.840494946114508,1.9640148937094,-0.00327774175186711,-0.213438367293826,1.75750370091878,-0.19276458604763,1.15205113073369,2.05109750929764,0.271122785939329
0.718589639906861,2.11887049630608,0.126568294070554,-0.142921954493313,1.85435845748808,-0.0328503555148268,1.25921273935558,1.93569984566909,0.436390107291192
0.885235635546852,1.86848856617209,0.303031165303525,-0.134058047186918,2.07673391720129,-3.01957162702209e-05,1.0695682889183,2.2137226410772,0.489362589269505
1.06402671072896,1.90876049488896,-0.0026341707463057,-0.238427421179628,1.90200760990596,-0.00310657908853663,0.928100383619658,2.25617548217157,0.298357126069595
0.866203636618035,1.86707135849648,0.00806672246520552,-0.16442013581637,1.70522405749397,-0.0844501094007102,1.37687789164258,2.09513546202001,0.48470146580233
0.939783588503547,2.03904411233286,0.256987521274669,-0.183991319992374,1.90765938236905,-0.0741991234204283,1.22259442136167,2.09735704472889,0.319303228959369
0.946168382948872,2.12678730381808,0.185654635468259,-0.207079466854944,2.02365655421694,-0.0195374107567476,1.0946202631761,2.00671602870502,0.272411993281495
0.995139390649594,2.1538246974462,0.177988465001466,-0.212381063886693,1.85905817647969,0.0261359370724575,1.17555734874441,1.88906508253294,0.498066399386718
0.954390299608453,1.78312583662726,0.234887488589709,-0.311613661348775,2.03824514441511,-0.16961966171172,1.26576015865429,2.12290054960389,0.247240714539601
0.989065340064939,2.09365693989286,0.1068283937899,-0.0838578426749581,2.13562421005627,0.00137832938532301,1.38779351626552,2.25612785948271,0.601453793180028
1.06132071303183,1.85005353682936,0.169565817869796,-0.284246286055269,1.95036188793034,-0.12054691885855,0.895840480794263,2.134523645243,0.315115743768961
0.676675044029018,1.90335057307029,0.0350759341567468,-0.238801134432004,2.03156633449364,-0.0455724037648473,1.14249496967384,1.74339910955835,0.314319708675215
0.765794161326025,1.68602865545338,0.0568189242667317,-0.242878373075502,1.93631063070438,-0.00268612727995055,1.27061405330256,1.96402674589821,0.313216551104175
0.974329700107374,1.92344679188619,0.0674385723035424,-0.253120590429028,1.82418495773982,-0.0936275618797198,1.15413154401541,2.22593624728467,0.34368749682937
0.950299060543927,1.80009974799958,0.235585326133597,-0.0962964535018927,2.15215449070555,0.00264434183538649,1.06827419111725,2.25722880508743,0.321975290305658
0.933207711447785,1.90666094941623,0.167371024207347,-0.254995814373495,1.95350967142089,0.0416031957059806,1.24239393965886,2.1626769051282,0.426355988800495
0.692861400126033,2.09755592759049,0.191721047633614,-0.253067123800616,1.88401346627248,0.0228325684045524,0.903736616102158,2.23749362949239,0.330606780097194
0.754603492979777,2.03270106484077,0.209228365438007,-0.182888516932264,1.69924099734756,-0.18362285176185,1.28651398402219,2.08167553162078,0.443462713949088
0.893392744436257,1.88178420202887,0.0777835053960638,-0.241736042857065,1.93076931141637,-0.0674597095438576,1.01240585255134,1.75752268407688,0.479367800270242
0.673139440506189,2.20806363230426,0.0894424975433372,-0.332510870457766,1.70810151322683,-0.0108796359032232,1.14027213661368,1.90736058788205,0.481295577152095
0.856409703378789,1.84489041787815,0.0185810456831633,-0.178720586012592,1.630029344192,-0.00589644178217159,1.10494793173249,2.15656639050324,0.289274237571562
0.83998504030744,2.18606089641191,0.106002629639624,-0.170571469989884,1.75158855625078,-0.119988172974898,1.04635082961579,2.03025166209444,0.336445993633445
0.856477851433502,2.06898462636317,0.0670287061851525,-0.292715171676762,1.43289660621037,-0.199337764746651,1.22923133194208,2.01211728304552,0.426914058245431
0.875336672028986,2.03572679183956,0.19064565207618,-0.280031235391899,1.75897453730988,-0.0249162275537959,1.0959246943827,2.14618105208159,0.435951600908635
1.02497237057359,1.71676468346017,-0.00823862688601523,-0.239170973180918,1.70314391780083,-0.0623368365622427,1.14011849146957,2.17950830802347,0.337483611832741
0.771134202139336,1.94550385902469,0.188085418524294,-0.184894470084522,1.75711295503676,0.00477172870285546,1.21853746266428,1.84177846923045,0.444809369754343
0.843949822011791,1.93692884231753,0.17880766514029,-0.24622723042961,2.07285099556811,-0.0612194047355063,1.18487797224648,1.99080327168597,0.489510907145763
0.848810129667369,1.93487146169611,0.249534893826534,-0.153146238254106,1.59650949738814,-0.0517823942165254,1.09338584627816,1.91505242768628,0.417622860733645
0.958266743221755,1.92515641620164,0.0815353448453696,-0.190807526870247,1.85461606041079,-0.123295748908911,1.03167265469691,1.93646761138202,0.428781573507005
0.764613347274366,1.88897777993345,0.166040585847989,-0.0982473207246012,2.01610624830628,-0.072765200502563,1.14742469889279,2.04972886378586,0.647584337045243
0.893112507520242,1.88236482016521,0.0545792317939591,-0.22745895219052,1.78723636803136,0.0448368229575793,1.0761628413736,1.81263577583342,0.553652188627845
0.69448349385375,1.99135623616511,0.0999624658352251,-0.349107095926331,2.02756755275005,-0.144050601587339,1.24886071299439,2.04513635559218,0.492202883512452
0.943743655259417,2.00837408104472,0.0552651912024046,-0.209398380888446,1.96960286672117,0.0701938633686362,1.06012807136451,1.79166486251938,0.409036973586497
0.864905690987011,1.62750000032937,-0.0216640333931622,-0.172360175281223,1.89355365155897,-0.0501248661318533,1.1923872318126,1.96593117010108,0.463763679506259
0.723379019214306,2.07117575402868,0.151704806482956,-0.213753006304789,2.0106740767092,-0.0523558042803673,1.1108476273291,1.92649593099275,0.424541160451966
1.01628080933288,1.9622848371559,0.0602794434317822,-0.175763771893426,2.0040439733155,-0.133384874242132,1.10183857105665,2.22298696227832,0.412898240180379
1.08618218236113,1.79059491066788,0.259156153214983,-0.276172905547613,1.82470711330237,-0.0690737810329144,1.39288900317419,2.00201858398259,0.396567250918925
0.938011742431368,2.25319107909503,0.220752009132559,-0.171385931238141,1.88496821219188,-0.10206282315386,1.1042888698504,1.95533391239171,0.432128338926659
0.94382752774442,1.93290427154351,0.103085308267684,-0.192655607284743,1.77678985256944,-0.0134771699786367,1.21882590480371,1.90384156487168,0.487482047894721
1.03719331157837,2.02729075095266,0.0775048124865589,-0.220009306603613,1.86619138542836,-0.121517456738853,1.42414430707303,1.91939641299201,0.468865915648917
1.00484332989283,1.9427951720123,0.191239208936516,-0.158765247800986,1.96288255585472,0.00379720943222546,1.38525148412937,1.98231162853114,0.389244338923317
0.977292379170186,1.75402074407736,0.128208904626579,-0.275158481018389,2.06262079963915,-0.00932034818065201,1.40026192110962,1.831598549884,0.345975228228919
0.891365697704526,1.91782104096688,0.138853602520781,-0.179745144432001,2.01350399921025,-0.159424266089737,1.30863015015384,1.79409540547934,0.36793745095259
0.858398710637067,2.06491302889151,0.178480399791003,-0.124571392517571,1.93661089784896,-0.128031840903524,0.993732137275675,2.02246028711723,0.372469445532272
0.799578411180701,1.8861770454757,0.116928192894458,-0.156751606075419,1.98985337447101,-0.0557584402639254,1.35240513203154,2.41849538129433,0.390010292413627
0.848268275436271,1.91566027392432,0.158006103570726,-0.204442169398229,1.92710666018493,0.0360001182000387,1.1812363305572,2.01856544453829,0.237618494283097
0.997737046006721,2.08379162248361,0.330223381792048,-0.215840719903964,1.88344477669335,-0.0470620902309321,1.41830970390421,2.02803823818345,0.424100737351933
0.934451302555491,1.74807052054994,0.361220469037113,-0.295096391467154,1.90827739459462,-0.058790009283799,1.27672992155979,2.20189225999721,0.343847546110004
0.874511631871447,1.99696152268654,0.101624526854675,-0.198826589279737,2.01180289490089,-0.0196721069016806,0.945195756734787,1.93502497875889,0.337588073057036
0.820656175358718,1.95015041119123,0.250566645609616,-0.113235404655226,1.96685746570752,0.0532306974752714,1.2057258809686,1.81615884226207,0.406037391032051
0.821372928041529,1.71368496331364,0.114961373891924,-0.107955281676821,1.7484264563249,-0.0898257465169933,1.22553597518691,2.21087345526195,0.315003888135307
0.835518388226286,1.83005677502967,0.193227486203651,-0.188092654155303,1.94728569739845,-0.119522383516513,1.37027538767666,2.01947659712495,0.448526228764408
0.878652191292555,2.11711522332939,0.166378625359635,-0.210627616092435,1.66141803462632,-0.0818641119870539,1.1133825924147,1.88916040633764,0.371941131414151
0.689888500906486,1.96669225060818,0.0681254889263052,-0.234756936855135,1.87564557977239,-0.137829141959706,1.02745383344149,1.97807281798939,0.421090525437531
0.675525607536017,1.8829029120232,0.125843783986288,-0.160372750312097,1.67949634735448,-0.160099915715689,1.12705705769032,2.18027670679499,0.239791214534045
0.944900940617066,1.93344983003414,0.0606020740034572,-0.151577546625936,1.85496801899725,-0.177082405683395,1.12379986472881,1.64251804686781,0.42805016348782
1.08380175054622,1.70880520415955,0.00893429239862687,-0.157052951835761,1.86359404032707,-0.0561702085201355,1.25991486266199,2.11384110975263,0.385204059235127
0.952498061455201,2.06123689884888,0.131040401686907,-0.126088766693645,1.80746714575426,-0.123808809279596,0.928794693161522,2.2069107887306,0.435033546520623
0.933736058374355,1.82523195707402,-0.0474129611658539,-0.190707704908459,1.86682266780505,-0.110385037943932,1.15221773790004,2.01867310028328,0.248581097517905
0.752572232111548,1.77870955929837,0.258279987121552,-0.196617975655608,1.92590503436702,-0.0480785887163265,1.06451449346366,2.08231852596595,0.467986408578308
1.01380898207171,1.86268008566117,0.222663388619324,-0.170533445199762,1.91467873084667,0.0416997866152703,1.18934001003872,2.03777318727274,0.339727699332013
0.915772912405168,1.97304638654706,0.00760979109823156,-0.278356580464243,2.0321821329157,-0.0177444799148481,1.02021934855517,2.02320820883236,0.455550650605128
1.03997708313842,1.89493065152269,0.158300480285548,-0.120003512384395,1.84001562163842,-0.118499904960051,1.17206383980043,2.02733769954504,0.478046684361406
0.831970595444013,1.93118200587131,0.240146557596003,-0.249790532933766,1.97409240314256,-0.109912613786737,1.06012872933018,2.15492951634647,0.344821578727503
0.948664078280534,2.1949206769006,0.0401732458645184,-0.216210788532388,1.79370025479115,-0.166259189710743,1.14207062012584,2.046544423896,0.384628499576164
