Parent_ID,AV1_Parent_ID,IGSN_Sample_Name,IGSN,Sample_Date,Sample_Latitude,Sample_Longitude,miniDOT_Start_Time,miniDOT_End_Time,Time_Zone,miniDOT_SN,pH,Contact_First_Name,Contact_Last_Name,Organization,Site_Name,Site_ID,Stream_Name,City,State,Weather,Intermittent_or_Perennial,Water_Status,General_Vegetation,Hydrogeomorphology,River_Gradient,Sediment,Water_Depth_cm,Depositional_Type,Canopy_Coverage,Macrophyte_Coverage,Algal_Mat_Coverage,Sediment_Collection_Depth_cm,miniDOT_Notes,Additional_Sampling_Notes
EV_001,AV1_001,AV1_001_Sediment,10.58052/IEWDR023A, 2023-07-10,29.4586,-98.47398,9:46,11:46,Central Daylight Time (UTC-5),755115,8.25,Mariana,Vergara,The University of Texas at San Antonio (UTSA),San Antonio River - Brackenridge Park,SAR-BP,San Antonio River,San Antonio,Texas,Sunny,Perennial,Wet and Flowing,Broadleaf deciduous tree,Single-channel straight,Relatively flat/gentle gradient (e.g. valleys),Gravel/cobble (>2mm),8,Inside bend of stream,Full coverage,No coverage,No coverage,3-10 cm in some places,During sampling people and dogs entered the stream which could affect the data.,N/A
EV_002,AV1_002,AV1_002_Sediment,10.58052/IEWDR023B, 2023-07-11,29.59201,-98.60486,-9999,-9999,Central Daylight Time (UTC-5),-9999,-9999,Allison,Veach,The University of Texas at San Antonio (UTSA),Leon Creek at Valero Trail Head,LEC-VTH,Leon Creek,San Antonio,Texas,Sunny,Intermittent,Dry,Broadleaf evergreen tree; Shrub,Single-channel straight,Relatively flat/gentle gradient (e.g. valleys),Gravel/cobble (>2mm),0,N/A,Partial coverage,No coverage,No coverage,1-3 cm as described in the protocol,No sensor deployed only dry sediment was collected towards the side of the dry channel.,N/A
EV_005,AV1_005,AV1_005_Sediment,10.58052/IEWDR023C, 2023-08-01,29.775353,-98.709637,10:02,11:02,Central Daylight Time (UTC-5),421044,8,Allison,Veach,The University of Texas at San Antonio (UTSA),Menger Creek,MENC,Menger Creek,Boerne,Texas,Sunny,Perennial,Wet and Pooled,Needleleaf evergreen tree; Broadleaf deciduous tree,Single-channel straight,Relatively flat/gentle gradient (e.g. valleys),Gravel/cobble (>2mm),15,Shallow waters near the shore,Partial coverage,No coverage,No coverage,More than 10 cm in some places,Sensor deployed under large boulder in partial canopy downstream of a treated sewage water outfall point.,"Although water is present it is not ""flowing"" but more of a large pool. Sediments causing turbid water was an issue when sampling."
EV_006,AV1_006,AV1_006_Sediment,10.58052/IEWDR023D, 2023-07-31,29.631969,-98.609359,9:20,10:22,Central Daylight Time (UTC-5),738321,8,Allison,Veach,The University of Texas at San Antonio (UTSA),Leon Creek at Raymond Russel Park,LEC-RRP,Leon Creek,San Antonio,Texas,Sunny,Intermittent,Wet and Pooled,Broadleaf deciduous tree; Not vegetated,Single-channel straight,Relatively flat/gentle gradient (e.g. valleys),Bedrock (primarily),23,Side of drying intermittent pool,Partial coverage,No coverage,Full coverage,More than 10 cm in some places,Drying pool that is not flowing; a lot of green algae mats. Smells of sulfur therefore anoxia likely.,N/A
EV_007,AV1_007,AV1_007_Sediment,10.58052/IEWDR023E, 2023-08-14,29.397379,-98.418744,9:39,10:59,Central Daylight Time (UTC-5),310845,8,Mariana,Vergara,The University of Texas at San Antonio (UTSA),Salado Creek at Covington,SAC-C,Salado Creek,San Antonio,Texas,Sunny,Perennial,Wet and Flowing,Broadleaf deciduous tree,Single-channel meandering,Relatively flat/gentle gradient (e.g. valleys),Sand,15,Inside bend of stream,Full coverage,Partial coverage,Partial coverage,More than 10 cm in some places,N/A,N/A
EV_008,AV1_008,AV1_008_Sediment,10.58052/IEWDR023F, 2023-08-14,29.479885,-98.479996,-9999,-9999,Central Daylight Time (UTC-5),-9999,-9999,Mariana,Vergara,The University of Texas at San Antonio (UTSA),Olmos Creek - Devon Rd.,OLC-DR,Olmos Creek,San Antonio,Texas,Sunny,Intermittent,Dry,Broadleaf deciduous tree; Shrub,Single-channel straight,Relatively flat/gentle gradient (e.g. valleys),Gravel/cobble (>2mm),0,Near the shore of dry bed,Full coverage,No coverage,No coverage,1-3 cm as described in the protocol,N/A,Dry stream sediments collected near edge of channel.
EV_009,AV1_009,AV1_009_Sediment,10.58052/IEWDR023G, 2023-08-22,29.542087,-98.631869,-9999,-9999,Central Daylight Time (UTC-5),-9999,-9999,Allison,Veach,The University of Texas at San Antonio (UTSA),Leon Creek at Prue Road,LEC-PR,Leon Creek,San Antonio,Texas,Overcast,Intermittent,Dry,Broadleaf deciduous tree; Grass,Single-channel straight,Relatively flat/gentle gradient (e.g. valleys),Gravel/cobble (>2mm),0,Side of dry bed,Partial coverage,No coverage,No coverage,1-3 cm as described in the protocol,Not flowing; took sediment samples at the side of the dry channel.,N/A
EV_010,AV1_010,AV1_010_Sediment,10.58052/IEWDR023H, 2023-08-22,29.390361,-98.667079,10:32,11:26,Central Daylight Time (UTC-5),629457,7.75,Allison,Veach,The University of Texas at San Antonio (UTSA),Medio Creek,MEDC,Medio Creek,San Antonio,Texas,Overcast,Perennial,Wet and Flowing,Grass; Not vegetated,Single-channel straight,Relatively flat/gentle gradient (e.g. valleys),Gravel/cobble (>2mm),30,Shallow waters near the shore,Full coverage,No coverage,No coverage,More than 10 cm in some places,We had to end early; the DO probe did not go for quite 60 minutes.,Wastewater fed stream.
EV_011,AV1_011,AV1_011_Sediment,10.58052/IEWDR023I, 2023-09-04,29.414842,-98.514739,10:15,11:15,Central Daylight Time (UTC-5),654896,8,Allison,Veach,The University of Texas at San Antonio (UTSA),Apache Creek,APAC,Apache Creek,San Antonio,Texas,Sunny,Perennial,Wet and Flowing,Shrub; Grass,Single-channel straight,Relatively flat/gentle gradient (e.g. valleys),Gravel/cobble (>2mm),5,Shallow waters near the shore,Partial coverage,No coverage,No coverage,3-10 cm in some places,N/A,Sediment collection was difficult; we collected all throughout the study reach on the side of the channel.
EV_013,AV1_013,AV1_013_Sediment,10.58052/IEWDR023K, 2023-09-05,29.434045,-98.519132,11:16,11:58,Central Daylight Time (UTC-5),284528,7.5,Allison,Veach,The University of Texas at San Antonio (UTSA),Alazan Creek,ALAC,Alazan Creek,San Antonio,Texas,Sunny,Perennial,Wet and Flowing,Grass; Not vegetated,Single-channel straight,Relatively flat/gentle gradient (e.g. valleys),Gravel/cobble (>2mm),3,Shallow waters near the shore,No coverage,Partial coverage,Partial coverage,1-3 cm as described in the protocol,Sensor deployed for less than 60 mins.,No sediment collection picture.
EV_014,AV1_014,AV1_014_Sediment,10.58052/IEWDR023L, 2023-09-05,29.602818,-98.540933,-9999,-9999,Central Daylight Time (UTC-5),-9999,-9999,Allison,Veach,The University of Texas at San Antonio (UTSA),Salado Creek at 1604,SAC-1604,Salado Creek,San Antonio,Texas,Sunny,Intermittent,Dry,Needleleaf deciduous tree; Broadleaf deciduous tree,Single-channel straight,Relatively flat/gentle gradient (e.g. valleys),Gravel/cobble (>2mm),0,Side of dry river bed,No coverage,No coverage,No coverage,1-3 cm as described in the protocol,Dry stream.,We did not have a camera during the field so we do not have any images of the field site for this site.
EV_016,AV1_016,AV1_016_Sediment,10.58052/IEWDR023N, 2023-09-12,29.810569,-98.748951,11:39,12:47,Central Daylight Time (UTC-5),435354,7,Allison,Veach,The University of Texas at San Antonio (UTSA),Cibolo Creek at Northrup Park,CIC-NP,Cibolo Creek,San Antonio,Texas,Partly cloudy,Intermittent,Wet and Flowing,Broadleaf deciduous tree; Shrub,Single-channel straight,Relatively flat/gentle gradient (e.g. valleys),Silt/mud (<0.0625mm),12.5,N/A,Partial coverage,Partial coverage,Partial coverage,3-10 cm in some places,N/A,N/A
EV_017,AV1_017,AV1_017_Sediment,10.58052/IEWDR023O, 2024-01-08,29.592219,-98.605006,12:34,14:04,Central Standard Time (UTC-6),257901,6.5,Allison,Veach,The University of Texas at San Antonio (UTSA),Leon Creek at Valero Trail Head,LEC-VTH,Leon Creek,San Antonio,Texas,Partly cloudy,Intermittent,Wet and Pooled,Broadleaf deciduous tree; Grass,Single-channel straight,Relatively flat/gentle gradient (e.g. valleys),Gravel/cobble (>2mm),1,Pool lip,No coverage,No coverage,No coverage,1-3 cm as described in the protocol,DO probe was often in high sediment water so it provide off results.,Rarely flows but rainfall happened right before collection; collected from a shallow small pool;
EV_019,AV1_019,AV1_019_Sediment,10.58052/IEWDR023P, 2024-01-09,29.397399,-98.424235,10:25,11:25,Central Standard Time (UTC-6),421044,6.5,Allison,Veach,The University of Texas at San Antonio (UTSA),Salado Creek at Covington,SAC-C,Salado Creek,San Antonio,Texas,Sunny,Perennial,Wet and Flowing,Broadleaf deciduous tree; Grass,Single-channel straight,Relatively flat/gentle gradient (e.g. valleys),Gravel/cobble (>2mm),-9999,Shallow waters near the shore,Partial coverage,Partial coverage,Partial coverage,3-10 cm in some places,N/A,N/A
EV_020,AV1_020,AV1_020_Sediment,10.58052/IEWDR023Q, 2024-01-09,29.454438,-98.477749,12:22,13:22,Central Standard Time (UTC-6),441037,7.5,Allison,Veach,The University of Texas at San Antonio (UTSA),San Antonio River - Brackenridge Park,SAR-BP,San Antonio River,San Antonio,Texas,Sunny,Perennial,Wet and Flowing,Broadleaf deciduous tree; Shrub,Single-channel straight,Relatively flat/gentle gradient (e.g. valleys),Gravel/cobble (>2mm),10,Shallow waters near the shore,Partial coverage,Partial coverage,No coverage,3-10 cm in some places,N/A,N/A
EV_021,AV1_021,AV1_021_Sediment,10.58052/IEWDR023R, 2024-01-29,29.479885,-98.479996,10:34,11:35,Central Standard Time (UTC-6),654896,7.5,Allison,Veach,The University of Texas at San Antonio (UTSA),Olmos Creek - Devon Rd.,OLC-DR,Olmos Creek,San Antonio,Texas,Sunny,Intermittent,Wet and Flowing,Needleleaf deciduous tree,Single-channel straight,Relatively flat/gentle gradient (e.g. valleys),Gravel/cobble (>2mm),5.6,Inside bend of stream,Partial coverage,No coverage,No coverage,3-10 cm in some places,N/A,High flood a week prior to collections. Took an average of sediment depth. Sediment also taken behind rocks. 
EV_022,AV1_022,AV1_022_Sediment,10.58052/IEWDR023S, 2024-01-29,29.414828,-98.514696,12:47,13:47,Central Standard Time (UTC-6),236120,7.5,Allison,Veach,The University of Texas at San Antonio (UTSA),Apache Creek,APAC,Apache Creek,San Antonio,Texas,Sunny,Perennial,Wet and Flowing,Shrub; Grass,Single-channel straight,Relatively flat/gentle gradient (e.g. valleys),Gravel/cobble (>2mm),5,Inside bend of stream,No coverage,No coverage,No coverage,3-10 cm in some places,N/A,N/A
EV_023,AV1_023,AV1_023_Sediment,10.58052/IEWDR023T, 2024-01-30,29.499032,-98.708328,10:50,12:45,Central Standard Time (UTC-6),116650,8,Mariana,Vergara,The University of Texas at San Antonio (UTSA),Culebra Creek,CULC,Culebra Creek,San Antonio,Texas,Sunny,Intermittent,Wet and Flowing,Broadleaf deciduous tree; Shrub,Single-channel straight,Relatively flat/gentle gradient (e.g. valleys),Gravel/cobble (>2mm),3.2,Inside bend of stream,Partial coverage,No coverage,Partial coverage,3-10 cm in some places,N/A,N/A
EV_024,AV1_024,AV1_024_Sediment,10.58052/IEWDR023U, 2024-01-30,29.390283,-98.666916,9:17,10:25,Central Standard Time (UTC-6),21119,7.5,Mariana ,Vergara,The University of Texas at San Antonio (UTSA),Medio Creek,MEDC,Medio Creek,San Antonio,Texas,Partly cloudy,Perennial,Wet and Flowing,Shrub,Single-channel straight,Relatively flat/gentle gradient (e.g. valleys),Gravel/cobble (>2mm),-9999,N/A,No coverage,No coverage,No coverage,More than 10 cm in some places,N/A,N/A
EV_025,AV1_025,AV1_025_Sediment,10.58052/IEWDR023V, 2024-02-05,29.542031,-98.631933,11:25,12:35,Central Standard Time (UTC-6),299254,7.5,Mariana,Vergara,The University of Texas at San Antonio (UTSA),Leon Creek at Prue Road,LEC-PR,Leon Creek,San Antonio,Texas,Partly cloudy,Intermittent,Wet and Flowing,Broadleaf deciduous tree; Grass,Single-channel straight,Relatively flat/gentle gradient (e.g. valleys),Silt/mud (<0.0625mm),5,N/A,Partial coverage,No coverage,No coverage,1-3 cm as described in the protocol,N/A,N/A
EV_026,AV1_026,AV1_026_Sediment,10.58052/IEWDR023W, 2024-02-05,29.602671,-98.540152,-9999,-9999,Central Standard Time (UTC-6),-9999,-9999,Mariana,Vergara,The University of Texas at San Antonio (UTSA),Salado Creek at 1604,SAC-1604,Salado Creek,San Antonio,Texas,Overcast,Intermittent,Dry,Needleleaf deciduous tree,Single-channel meandering,Relatively flat/gentle gradient (e.g. valleys),Gravel/cobble (>2mm),0,N/A,Partial coverage,No coverage,No coverage,1-3 cm as described in the protocol,No water was present.,N/A
EV_027,AV1_027,AV1_027_Sediment,10.58052/IEWDR023X, 2024-02-06,29.807054,-98.750173,11:44,13:14,Central Standard Time (UTC-6),775117,7.5,Mariana,Vergara,The University of Texas at San Antonio (UTSA),Cibolo Creek at Northrup Park,CIC-NP,Cibolo Creek,Boerne,Texas,Sunny,Intermittent,Wet and Flowing,Needleleaf deciduous tree; Shrub,Single-channel straight,Relatively flat/gentle gradient (e.g. valleys),Silt/mud (<0.0625mm),5,Inside bend of stream,Partial coverage,No coverage,No coverage,3-10 cm in some places,N/A,N/A
EV_028,AV1_028,AV1_028_Sediment,10.58052/IEWDR023Y, 2024-02-05,29.63176,-98.6098,13:50,14:52,Central Standard Time (UTC-6),718459,8,Mariana,Vergara,The University of Texas at San Antonio (UTSA),Leon Creek at Raymond Russel Park,LEC-RRP,Leon Creek,San Antonio,Texas,Sunny,Intermittent,Wet and Flowing,Broadleaf deciduous tree; Grass,Single-channel straight,Relatively flat/gentle gradient (e.g. valleys),Silt/mud (<0.0625mm),3,Inside bend of stream,No coverage,Partial coverage,Full coverage,1-3 cm as described in the protocol,N/A,N/A
EV_029,AV1_029,AV1_029_Sediment,10.58052/IEWDR023Z, 2024-02-12,29.787314,-98.7156132,11:45,12:45,Central Standard Time (UTC-6),681364,7.5,Mariana,Vergara,The University of Texas at San Antonio (UTSA),Cibolo Creek near Duck Pond,CIC-DP,Cibolo Creek,Boerne,Texas,Sunny,Perennial,Wet and Flowing,Needleleaf deciduous tree; Shrub,Single-channel straight,Relatively flat/gentle gradient (e.g. valleys),Gravel/cobble (>2mm),6,N/A,Full coverage,No coverage,Partial coverage,3-10 cm in some places,N/A,N/A
EV_030,AV1_030,AV1_030_Sediment,10.58052/IEWDR0240, 2024-02-19,29.434082,-98.519194,13:12,14:19,Central Standard Time (UTC-6),435354,7.5,Mariana,Vergara,The University of Texas at San Antonio (UTSA),Alazan Creek,ALAC,Alazan Creek,San Antonio,Texas,Sunny,Perennial,Wet and Flowing,Grass; Not vegetated,Single-channel straight,Relatively flat/gentle gradient (e.g. valleys),Gravel/cobble (>2mm),3,Shallow waters near the shore,Partial coverage,Partial coverage,Partial coverage,1-3 cm as described in the protocol,N/A,Very low flow; sediment taken on side of pooled areas upstream of bridge.
EV_031,AV1_031,AV1_031_Sediment,10.58052/IEWDR0241, 2024-02-12,29.776315,-98.7109857,10:21,11:21,Central Standard Time (UTC-6),755115,7.5,Mariana,Vergara,The University of Texas at San Antonio (UTSA),Menger Creek,MENC,Menger Creek,Boerne,Texas,Sunny,Perennial,Wet and Flowing,Broadleaf deciduous tree; Shrub,Single-channel straight,Relatively flat/gentle gradient (e.g. valleys),Gravel/cobble (>2mm),6,Inside bend of stream,Partial coverage,No coverage,No coverage,3-10 cm in some places,N/A,N/A
